--
-- Script was generated by Devart dbForge Studio for MySQL, Version 8.0.40.0
-- Product home page: http://www.devart.com/dbforge/mysql/studio
-- Script date 18/9/2018 12:13:48
-- Server version: 5.5.5-10.1.34-MariaDB
-- Client version: 4.1
--

-- 
-- Disable foreign keys
-- 
/*!40014 SET @OLD_FOREIGN_KEY_CHECKS=@@FOREIGN_KEY_CHECKS, FOREIGN_KEY_CHECKS=0 */;

-- 
-- Set SQL mode
-- 
/*!40101 SET @OLD_SQL_MODE=@@SQL_MODE, SQL_MODE='NO_AUTO_VALUE_ON_ZERO' */;

-- 
-- Set character set the client will use to send SQL statements to the server
--
SET NAMES 'utf8';

--
-- Set default database
--
USE universidad_oficial;

--
-- Drop table `clase`
--
DROP TABLE IF EXISTS clase;

--
-- Drop table `notas`
--
DROP TABLE IF EXISTS notas;

--
-- Drop table `docentes`
--
DROP TABLE IF EXISTS docentes;

--
-- Drop table `materia`
--
DROP TABLE IF EXISTS materia;

--
-- Drop table `aula`
--
DROP TABLE IF EXISTS aula;

--
-- Drop table `edificio`
--
DROP TABLE IF EXISTS edificio;

--
-- Drop table `estudiante`
--
DROP TABLE IF EXISTS estudiante;

--
-- Drop table `carrera`
--
DROP TABLE IF EXISTS carrera;

--
-- Set default database
--
USE universidad_oficial;

--
-- Create table `carrera`
--
CREATE TABLE carrera (
  cod_Carreras int(11) NOT NULL,
  Nombre varchar(50) NOT NULL,
  PRIMARY KEY (cod_Carreras)
)
ENGINE = INNODB,
AVG_ROW_LENGTH = 1260,
CHARACTER SET latin1,
COLLATE latin1_swedish_ci;

--
-- Create table `estudiante`
--
CREATE TABLE estudiante (
  cod_Estudiante int(11) NOT NULL AUTO_INCREMENT,
  cod_Carrera int(11) NOT NULL,
  Nombre varchar(100) NOT NULL,
  Dirección varchar(50) DEFAULT NULL,
  Correo_electrónico varchar(50) DEFAULT NULL,
  PRIMARY KEY (cod_Estudiante)
)
ENGINE = INNODB,
AUTO_INCREMENT = 701,
AVG_ROW_LENGTH = 191,
CHARACTER SET latin1,
COLLATE latin1_swedish_ci;

--
-- Create foreign key
--
ALTER TABLE estudiante
ADD CONSTRAINT FK_estudiante_licenciatura_cod_Carreras FOREIGN KEY (cod_Carrera)
REFERENCES carrera (cod_Carreras) ON DELETE NO ACTION ON UPDATE NO ACTION;

--
-- Create table `edificio`
--
CREATE TABLE edificio (
  cod_Edificio int(11) NOT NULL AUTO_INCREMENT,
  Nombre varchar(60) NOT NULL,
  Ubicación varchar(50) NOT NULL,
  PRIMARY KEY (cod_Edificio)
)
ENGINE = INNODB,
CHARACTER SET latin1,
COLLATE latin1_swedish_ci;

--
-- Create table `aula`
--
CREATE TABLE aula (
  cod_Aula int(11) NOT NULL AUTO_INCREMENT,
  cod_Edificio int(11) NOT NULL,
  Nombre varchar(30) NOT NULL,
  Piso int(1) NOT NULL,
  PRIMARY KEY (cod_Aula)
)
ENGINE = INNODB,
AUTO_INCREMENT = 30029,
AVG_ROW_LENGTH = 585,
CHARACTER SET latin1,
COLLATE latin1_swedish_ci;

--
-- Create foreign key
--
ALTER TABLE aula
ADD CONSTRAINT FK_aula_edificio_cod_Edificio FOREIGN KEY (cod_Edificio)
REFERENCES edificio (cod_Edificio) ON DELETE NO ACTION ON UPDATE NO ACTION;

--
-- Create table `materia`
--
CREATE TABLE materia (
  cod_Materia int(11) NOT NULL AUTO_INCREMENT,
  Nombre varchar(60) NOT NULL,
  Fecha_Inicio varchar(50) NOT NULL,
  Fecha_Final varchar(50) NOT NULL,
  Horario varchar(1) NOT NULL,
  Créditos int(1) NOT NULL,
  total_a_pagar int(11) NOT NULL,
  PRIMARY KEY (cod_Materia)
)
ENGINE = INNODB,
AUTO_INCREMENT = 5021,
AVG_ROW_LENGTH = 862,
CHARACTER SET latin1,
COLLATE latin1_swedish_ci;

--
-- Create table `docentes`
--
CREATE TABLE docentes (
  cod_Docente int(11) NOT NULL AUTO_INCREMENT,
  fecha_entrada varchar(50) NOT NULL,
  Nombre varchar(50) NOT NULL,
  fecha_nacimiento varchar(50) NOT NULL,
  Carrera varchar(40) NOT NULL,
  `C.I` int(11) NOT NULL,
  PRIMARY KEY (cod_Docente)
)
ENGINE = INNODB,
AUTO_INCREMENT = 2031,
AVG_ROW_LENGTH = 564,
CHARACTER SET latin1,
COLLATE latin1_swedish_ci;

--
-- Create table `notas`
--
CREATE TABLE notas (
  cod_Nota int(11) NOT NULL AUTO_INCREMENT,
  cod_Docente int(11) NOT NULL,
  cod_Estudiante int(11) NOT NULL,
  cod_Materia int(11) NOT NULL,
  nota int(3) NOT NULL,
  PRIMARY KEY (cod_Nota)
)
ENGINE = INNODB,
AUTO_INCREMENT = 34127,
AVG_ROW_LENGTH = 134,
CHARACTER SET latin1,
COLLATE latin1_swedish_ci;

--
-- Create foreign key
--
ALTER TABLE notas
ADD CONSTRAINT FK_notas_docentes_cod_Docente FOREIGN KEY (cod_Docente)
REFERENCES docentes (cod_Docente) ON DELETE NO ACTION ON UPDATE NO ACTION;

--
-- Create foreign key
--
ALTER TABLE notas
ADD CONSTRAINT FK_notas_estudiante_cod_Estudiante FOREIGN KEY (cod_Estudiante)
REFERENCES estudiante (cod_Estudiante) ON DELETE NO ACTION ON UPDATE NO ACTION;

--
-- Create foreign key
--
ALTER TABLE notas
ADD CONSTRAINT FK_notas_materia_cod_Materia FOREIGN KEY (cod_Materia)
REFERENCES materia (cod_Materia) ON DELETE NO ACTION ON UPDATE NO ACTION;

--
-- Create table `clase`
--
CREATE TABLE clase (
  cod_Materia int(11) NOT NULL,
  cod_Docente int(11) NOT NULL,
  cod_Estudiante int(11) NOT NULL,
  cod_Aula int(11) NOT NULL,
  cod_Inscripción int(11) NOT NULL AUTO_INCREMENT,
  PRIMARY KEY (cod_Inscripción)
)
ENGINE = INNODB,
AUTO_INCREMENT = 32126,
AVG_ROW_LENGTH = 133,
CHARACTER SET latin1,
COLLATE latin1_swedish_ci;

--
-- Create foreign key
--
ALTER TABLE clase
ADD CONSTRAINT FK_clase_aula_cod_Aula FOREIGN KEY (cod_Aula)
REFERENCES aula (cod_Aula) ON DELETE NO ACTION ON UPDATE NO ACTION;

--
-- Create foreign key
--
ALTER TABLE clase
ADD CONSTRAINT FK_clase_docentes_cod_Docente FOREIGN KEY (cod_Docente)
REFERENCES docentes (cod_Docente) ON DELETE NO ACTION ON UPDATE NO ACTION;

--
-- Create foreign key
--
ALTER TABLE clase
ADD CONSTRAINT FK_clase_estudiante_cod_Estudiante FOREIGN KEY (cod_Estudiante)
REFERENCES estudiante (cod_Estudiante) ON DELETE NO ACTION ON UPDATE NO ACTION;

--
-- Create foreign key
--
ALTER TABLE clase
ADD CONSTRAINT FK_clase_materia_cod_Materia FOREIGN KEY (cod_Materia)
REFERENCES materia (cod_Materia) ON DELETE NO ACTION ON UPDATE NO ACTION;

-- 
-- Dumping data for table carrera
--
INSERT INTO carrera VALUES
(1005, 'INGENIERIA CIVIL'),
(10000, 'INGENIERIA INDUSTRIAL'),
(10001, 'INGENIERIA DE SISTEMAS'),
(10002, 'INGENIERIA PETROLERA'),
(10003, 'INGENIERIA FINANCIERA'),
(10004, 'INGENIERIA COMERCIAL'),
(10005, 'MARKETING'),
(10006, 'COMUNICACIÓN'),
(10007, 'ECONOMIA'),
(10008, 'DISEÑO GRÁFICO'),
(10009, 'DERECHO'),
(10010, 'INGENIERIA ELECTRICA'),
(10011, 'INGENIERIA INDUSTRIAL Y DE SISTEMAS'),
(10012, 'ING DE LA PRODUCCIÒN');

-- 
-- Dumping data for table edificio
--
-- Table universidad_oficial.edificio does not contain any data (it is empty)

-- 
-- Dumping data for table materia
--
INSERT INTO materia VALUES
(5001, 'FISICA 4', '2018-03-25', '2018-05-12', 'A', 5, 2300),
(5002, 'GESTION FINANCIERA', '2018-02-03', '2018-03-23', 'D', 4, 2300),
(5003, 'INNOVACION Y CREATIVIDAD', '2018-05-14', '2018-06-30', 'E', 4, 2300),
(5004, 'INSTRUMENTACION Y AUTOMATIZACION', '14/9/2018 00:00:00', '2018-11-29', 'F', 5, 2875),
(5005, 'MATEMATICAS PARA INGENIERIA I', '2018-08-01', '2018-09-16', 'A', 4, 2300),
(5006, 'MATEMATICAS PARA INGENIERIA II', '2018-10-11', '2018-11-29', 'B', 4, 2300),
(5007, 'MATEMATICAS PARA INGENIERIA III', '2018-03-25', '2018-05-12', 'C', 4, 2300),
(5008, 'MECANICA CLASICA', '2018-05-14', '2018-06-30', 'D', 4, 2300),
(5009, 'POLITICA EMPRESARIAL', '2018-02-03', '2018-03-23', 'E', 4, 2300),
(5010, 'PROBABILIDAD Y ESTADISTICA', '2018-08-01', '2018-09-16', 'F', 4, 2300),
(5011, 'PROCESOS DE MANUFACTURA', '2018-05-14', '2018-06-30', 'A', 4, 2300),
(5012, 'PROGRAMACION I', '2018-08-01', '2018-09-16', 'B', 4, 2300),
(5013, 'PROGRAMACION II', '2018-03-25', '2018-05-12', 'C', 4, 2300),
(5014, 'PROGRAMACION III', '2018-09-18', '2018-11-29', 'D', 5, 2875),
(5015, 'QUIMICA I', '2018-05-14', '2018-06-30', 'E', 4, 2300),
(5016, 'QUIMICA II', '2018-10-11', '2018-11-29', 'F', 4, 2300),
(5017, 'SEGURIDAD INDUSTRIAL', '2018-05-14', '2018-06-30', 'A', 4, 2300),
(5018, 'TECNICAS DE COMUNICACIÓN ESCRITA', '2018-03-25', '2018-05-12', 'B', 4, 2300),
(5019, 'TECNICAS DE VENTAS', '2018-09-18', '2018-11-29', 'C', 5, 2875),
(5020, 'FÍSICA NUCLEAR', '12-03-2018', '12-04-2018', 'F', 6, 3450);

-- 
-- Dumping data for table estudiante
--
INSERT INTO estudiante VALUES
(1, 10009, 'PABLO RIVAS', 'AV D''ORBIGNY', 'pabloperedo04@gmail.com'),
(2, 10000, 'ARCE CARRETERO MARIANA', 'GUIDO', NULL),
(3, 10000, 'ARDAYA SAAVEDRA KAREN ADRIANA', 'CALLE GUAYARAMERIA #0658 ZONA SUD', 'racuna@upb.edu'),
(4, 10000, 'ARDAYA TARDIO PABLO BERNARDO', 'AV. AMERICA OESTE  # 52 ESQ. ACHAVAL', 'gaguilar@upb.edu'),
(5, 10000, 'ARELLANO VALLEJO ALEJANDRO', 'AV.AMERICA Nº575 ZONA SARCO', 'aguilarcartagenaalejandra@gmail.com'),
(6, 10000, 'ARGOTE GARCIA NELO', 'CMEXICO # 169 ENTE AYACUCHO Y BAPTISTA', 'mraguirre6@upb.edu'),
(7, 10000, 'ARIAS BARRIENTOS SOFIA ANDREA', 'HAMIRAYA 260- N', 'isabelitaaguirre1@hotmail.com'),
(8, 10000, 'ARIAS SOLETO NICOLE  ESTEFANY', 'AV. BALLIVIAN NRO. 567', 'camilitaalba@hotmail.com'),
(9, 10000, 'ARIAS URIA VICTOR EDUARDO', 'BELLA VISTA', 'candybronco@gmail.com'),
(10, 10000, 'ARTEAGA HIGORRE LAURA LUCIA', 'NNNNNNN', 'andres_alcocer_96@hotmail.com'),
(11, 10000, 'ARTERO ALVAREZ RAUL PAULO', 'AV. PANDO EDIF.V Y V NUR', 'jhulito99.9@hotmail.com'),
(12, 10000, 'ARTERO ARZE REBECA', 'CIUDAD SATELITE PLA266 CALLE 14 NRO 1952', 'xavidc@msn.com'),
(13, 10000, 'ARZE BARRIGA CAMILA', 'Pasaje Misael Saracho #1446', 'santiago.aliss@gmail.com'),
(14, 10000, 'ASBUN CLAROS GABRIELA DENISE', 'AV. SANTA CRUZ FRENTE COL. ANGLO', 'galvarez1@upb.edu'),
(15, 10000, 'AUZZA CORTEZ GABRIELA', '', NULL),
(16, 10000, 'AVILA JALDIN ADRIANA', 'C. ANDRES BELLO # 1634', 'galvarez@upb.edu'),
(17, 10000, 'AYALA MARTINEZ JAVIER MAURICIO', 'CALLE BALDIVIESO', 'gancalle3@upb.edu'),
(18, 10000, 'AYALA SANJINES ESTEBAN EDUARDO', 'AV. PANAMERICANA # 1850', 'aleand97@hotmail.com'),
(19, 10000, 'AYAVIRI CALIZAYA PABLO ANDRES', 'AV.PANAMERICANA Nº1850 ZONA SUD', 'IsabellauraAndradeM@hotmail.com'),
(20, 10000, 'BAKIR LECHIN DIANA ISABEL', 'PACATA BAJA URB. COMTECO S/N', 'mangulo1@upb.edu,mauri_leo@hotmail.com'),
(21, 10000, 'BALANZA ABULARACH KARINA', 'AV. GUILLERMO URQUIDI E-1251 Y JOSÉ ARMANDO MENDEZ', 'rangulo@upb.edu'),
(22, 10000, 'BALCAZAR ARANDA MARIANA MIRTHA', 'CHIMANE # 222 (ZONA SARCO)', 'michelleangulohebebrand@hotmail.com'),
(23, 10000, 'BALDERRAMA MENDIETA ANDRES', 'CALLE CHUQUISACA N° 423 ENTRE AV. BALLIVIAN Y BALD', 'laangulo@upb.edu'),
(24, 10000, 'BAO HOU NICOLE CHIWEI', 'C/ JACINTO ANAYA # 20 BARRIO MIRADOR', 'santelo@upb.edu'),
(25, 10000, 'BARBIERI MENACHO DEBORA', 'URB. EL CASTILLO, C. VENEZUELA', 'santezana@upb.edu'),
(26, 10000, 'BARBOSA HURTADO SUSAN', 'AV. AMERICA 418', 'nicoleantezanae@gmail.com'),
(27, 10000, 'BARRETA AGUILAR LAURA CAMILA', 'AV. CIRCUNVALACION Y FAUSTINO SUAREZ # 2657', 'eimyantezana7@gmail.com'),
(28, 10000, 'BARRIGA ALANDIA DANIELA ADRIANA', '', NULL),
(29, 10000, 'BARRON LANDAETA OLIVIA ANDREA', 'URB. BATICANO ZONA MESADILLA', 'Cnat.1893@gmail.com'),
(30, 10000, 'BARRON VEIZAGA GERALDINE', 'C/ RICARDO SORUCO # 124 QUILLACOLLO', 'darancibia@upb.edu'),
(31, 10000, 'BAZUALDO ESCOBAR INGRID JEANNEL', '', NULL),
(32, 10000, 'BAZZAN CAMARA PEDRO SEBASTIAN', 'C. LOS ABEDULES # 1126', 'as24.adriana@gmail.com'),
(33, 10000, 'BECKAR QUIROGA KINNI WILHELMINNIE', 'AV. BLANCO GALINDO, KM. 11.5', 'pardaya@upb.edu'),
(34, 10000, 'BEDREGAL BALDIVIESO ANA CECILIA', 'AV. CORNELIO SAAVEDRA S/N ZONA CHIMBA', 'aarellano@upb.edu'),
(35, 10000, 'BELTRAN CHAVEZ FABRICIO ISRAEL', 'AV. BLANCO GALINDO KM. 5', 'nargote@upb.edu'),
(36, 10000, 'BIZ RIOS ISABELA', 'MAXIMILIANO MELGAREJO # 1780', 'sofiaandrea97@hotmail.com'),
(37, 10000, 'BONACHE SERRANO ALVARO', 'CALLE IRIGOYEN ESQ. 23 DE ENERO N. 1668', 'Neas98@hotmail.com'),
(38, 10000, 'BONILLA LOPEZ LEONARDO NICOLAS', 'CIRREY TOLEDO 1185 VILLA VICTORIA', 'vitto_71@outlook.es'),
(39, 10000, 'BORDA GUZMAN MARCO ANTONIO', 'CAMACHO N° 1898 Y MURGUIA', 'larteaga@upb.edu'),
(40, 10000, 'BOURDAUD  FRANCOIS', 'FRANCISCO QUEVEDO N° 022', 'raul.artero@hotmail.com'),
(41, 10000, 'BRETON  CHARLOTTE LÉA', 'FRANCISCO QUEVEDO N° 211', 'rebeca.artero@gmail.com'),
(42, 10000, 'BRIANSON SOLIS XIMENA ALICIA', 'C/LAS DALIAS # 1764', 'camilaarzebarriga@gmail.com'),
(43, 10000, 'BRITO VALENCIA LAURA VALERIA', 'PSJE. PANDO #5', 'gasbun@upb.edu'),
(44, 10000, 'BUITRAGO GALARZA FERNANDO FEDERICO', 'AV. MELCHOR URQUIDI EDF. CAISO P-6-B', 'gabrielaauzza@hotmail.com'),
(45, 10000, 'BURGOS ANDIA PAMELA STEPHANIE', 'CALLE LADISLAO CABRERA #530', 'adriavila@upb.edu'),
(46, 10000, 'BUSSON AGUILAR VALERIA MIRYAM', 'AV. MONSEÑOR ALCOCER # 0041 (SACABA)', 'blade_17_1@hotmail.com'),
(47, 10000, 'BUSTAMANTE GUZMAN VICTOR  HUGO', 'CARRETERA A SACABA KM. 2.5 ZONA URB. EL CASTILLO', 'guingo.esteban.13@gmail.com'),
(48, 10000, 'CABRERIZO DAVILA ADRIANA', 'AV ECOLOGICA NRO 10', 'pabloandres_a@hotmail.com'),
(49, 10000, 'CABRERIZO ZEGARRA BERNARDO ANTONIO', 'AV. VILLARROEL # 78 TIQUIPAYA', 'dbakir@upb.edu'),
(50, 10000, 'CACERES PEREZ WILLY ROGER', 'CONDOMINIO SUIZA CASA N° 74', 'kbalanza@upb.edu'),
(51, 10000, 'CACERES RUEDA CAROLINA', 'AV. AMERICA OESTE EDIF ALHAMBRA', 'balcazarmariana@gmail.com'),
(52, 10000, 'CADIMA CASTELLON JUAN SEBASTIAN', 'URB. TUNARI CASA Nº 8', 'abalderramamentieta@gmial.com'),
(53, 10000, 'CALBIMONTE PÉREZ CINDY', '', NULL),
(54, 10000, 'CALDERON LORDEMANN FERNANDA', '', NULL),
(55, 10000, 'CALDERON LORDEMANN MARIA FERNANDA', 'AV. AMERICA #0335', 'sbarbosa@upb.edu'),
(56, 10000, 'CALIZAYA JIMENEZ BERNARDO', '', NULL),
(57, 10000, 'CALVI MOYA ZENON BRIAN', '', 'danibarriga@hotmail.com'),
(58, 10000, 'CAMACHO MELGAR SERGIO ROLANDO', 'C/ LA PAZ # 0291', 'obarron@upb.edu'),
(59, 10000, 'CAMACHO QUIÑONES DANIEL', '', NULL),
(60, 10000, 'CAMACHO SANCHEZ MARIA FERNANDA', 'URB. LA PROMOTORA #12', 'ibazualdo@upb.edu'),
(61, 10000, 'CAMACHO VAQUILA LIDY ANDREA', 'MANUEL ITURRI 7755', 'Pedrobazzan98@gmail.com'),
(62, 10000, 'CAMARA GARCIA IVAN', 'FINAL COTANERA CALLE MUELA DEL DIABLO NO. 25 URB C', NULL),
(63, 10000, 'CAMARA GARCIA MARIAN', '', NULL),
(64, 10000, 'CAMARGO ARCE CYNTHIA VERONICA', '', NULL),
(65, 10000, 'CAMARGO MORALES CECILIA', 'AV. SEGUNDA NRO. 3711', 'bizisabela@gmail.com'),
(66, 10000, 'CAMPERO NUÑEZ DEL PRADO DIEGO', 'C/VENEZUELA', 'alvaroxb@hotmail.com'),
(67, 10000, 'CAMPOS VALDIVIA PAOLA', 'ALTO OBRAJES SECTOR B CLLE 2 NO. 343', 'leonicobmx@gmail.com'),
(68, 10000, 'CANDIA CASTRO IVAN', '19 DE CALACOTO', 'marcoborda54@gmail.com'),
(69, 10000, 'CANDIA SAENZ MARIO ENRIQUE', 'C/LAS VIOLETAS Nº2444 ZONA-ALTO QUERU QUERU', NULL),
(70, 10000, 'CANEDO ORELLANA MARLENE GABY', 'C/LAS VIOLETAS Nº2444  ZONA-ALTO QUERU QUERU', 'charlotte.breton-ensacf@laposte.net'),
(71, 10000, 'CANEDO OSTOJIC SEBASTIAN', '', NULL),
(72, 10000, 'CANEDO STRAMPFER JOSE DANIEL', 'PSJE.PINTO Nº2461 ENTRE C/DANIEL SANCHEZ Y C/PAPA ', 'lauravbritov@gmail.com'),
(73, 10000, 'CANEDO STRAMPFER JUAN PABLO', 'AV. AMERICA # 354', 'fbuitrago@upb.edu'),
(74, 10000, 'CARDONA CAMACHO WILLIAMS GABRIEL', 'AV. BEIJING Y PABLO CASALES, S/N', 'pame_burgos010@hotmail.com'),
(75, 10000, 'CARDONA JAUREGUI ANA MARIA', 'CALLE 2 DE FEBRERO ENTRE 5 Y 6 SN MALLASA CONDOMIN', 'valelml96@gmail.com'),
(76, 10000, 'CARDONA MOYA SHIRLEY ROSARIO', 'AV. AMERICA OESTE C/ ENRIQUE FINOT # 1825', 'vbustamante2@upb.edu'),
(77, 10000, 'CARDOZO BAPTISTA PATRICIA', 'TEMPORAL ALFREDO GUILLEN', 'adrianacabrerizo@hotmail.com'),
(78, 10000, 'CARVAJAL IBAÑEZ CHRISTIAN OMAR', 'CALLE KITU N° 920', 'bacabrerizo@upb.edu'),
(79, 10000, 'CARVAJAL PARDO JOSUE GABRIEL', 'PEDRO ROJAS #9', 'willycaceres@llantol.com'),
(80, 10000, 'CASSANO BECERRA KEVIN PETER', '', NULL),
(81, 10000, 'CASTEDO MICHEL FLORENCIA MARIA', 'CALLE MARIANO MENDEZ Nº 16 ZONA MIRADOR', 'jcadima2@upb.edu'),
(82, 10000, 'CASTELLON AREVALO JOEL DAN', 'BATALLON COLORADOS N° 20', 'cindyluz@gmail.com'),
(83, 10000, 'CASTELLON BORDA CAMILA MARCELA BELEN', '', NULL),
(84, 10000, 'CASTELLON ESCALERA GASTON KONRAD', 'CALLE 23 Nº4 ALTO IRPAVI SECTOR PEÑA AZUL', 'fernandacalderon629@gmail.com'),
(85, 10000, 'CASTELLON GUZMAN KATRINA ADELA', 'URBANIZACION SAN CARLOS', 'bernardocalizaya@gmail.com'),
(86, 10000, 'CASTELLON JALDIN CHRISTIAN', 'CALLE ACRE # 1741', 'brian95cm@gmail.com'),
(87, 10000, 'CASTELLON OJALVO ROSARIO', 'C. FRANCISCO VIEDMA # 537', 'scamacho@upb.edu'),
(88, 10000, 'CASTELLON SAAVEDRA VALERIA', 'CALLE JORDAN Nº 0 - 725 ENTRE AVAROA Y COSTANERA', 'dcamacho2@upb.edu'),
(89, 10000, 'CERBALL LEYES RODOLFO NICOLAS', 'ESTEBAN ARZE ENTRE AROMA Y URUGUAY Nº 749', 'fernandacamachosanchez@gmail.com'),
(90, 10000, 'CESPEDES LUJAN LEONARDO ANDRES', 'TIQUIPAYA S/N (PUEBLO)', 'lacamacho@upb.edu'),
(91, 10000, 'CHAIN LOPEZ VIDELA IGNACIO', 'CALLE 11 DE CALACOTO NO. 7836', 'ivo_c_g_7@hotmail.com'),
(92, 10000, 'CHAPANA MURILLO MIGUEL ARTURO', '', NULL),
(93, 10000, 'CHAVEZ CAMBERO NARDA FRANCIA', 'AV. EUDORO GALINDO FINAL CONDOMINIO BRETAÑA CASA 5', 'verito_camargoa@hotmail.com'),
(94, 10000, 'CHAVEZ CLAVIJO MIHELY DANIELA', 'C/JOSE DE AGUILAR S/N (ZONA SEMINARIO JUAN PABLO I', 'ceci02019@yahoo.es'),
(95, 10000, 'CHAVEZ VILLAN LUCIO ENRIQUE', 'S7DIRECCION', 'dcampero@upb.edu'),
(96, 10000, 'CHAVEZ ZENTENO VERONICA', 'MARIANO MENDEZ #2074 Y CIRCUNVALACION', 'pcampos@upb.edu'),
(97, 10000, 'CHINCHILLA CENTELLAS SILVIA', 'MANCHAYPUITO # 604 PARALELA GABRIEL RENE MORENO ZO', 'icandia@upb.edu'),
(98, 10000, 'CHOQUE CHOQUE ROSINDA', 'CALLE JOSE PALMA NO. 1573 SAN PEDRO', 'marioenriquevp@gmail.com'),
(99, 10000, 'CHOQUE FORONDA PAMELA JHOSELIN', 'C. CORNELIO SAAVEDRA N 1666', 'marle_leo@hotmail.com'),
(100, 10000, 'CINGOLANI MAC LEAN CLARISSA', 'CALLE ISMAELCESPEDES S/N, ZONA SARCO', 'sebasco@hotmail.es'),
(101, 10000, 'CLAROS GALLARDO NOELIA FANNY', 'C. LAS DALIAS # 1881 ESQ. R. VILLALOBOS', 'jcanedo@upb.edu'),
(102, 10000, 'CLAROS GUARDIA FLAVIA ESTEFANY', 'RICO TORO N° 1263', 'juanpa_canedos@hotmail.com'),
(103, 10000, 'CLAROS HINOJOSA SHIRLEY MELINA', 'PSJE. SEVILLANOS # 1385', NULL),
(104, 10000, 'CLAROS PADILLA CAROLINA', 'AV. EUDORO GALINDO N° 1964 UNA CUADRA ANTES DE LLE', 'amcardona@upb.edu'),
(105, 10000, 'CLAURE ACEVEY ALBERTO', 'C/ HEROES DEL CHACO # 77', 'scardona4@upb.edu'),
(106, 10000, 'CLAURE ORTIZ ADRIANA CECILIA', 'CALLE NUEVA GRANADA # 1566 ENTRE AV. PERÚ ZONA VIL', 'pcardozo@upb.edu'),
(107, 10000, 'CLAURE TORRICO DANIEL ADRIAN', 'AV. BALLIVIAN CALLE 27 #270', 'cris_12_95@hotmail.com'),
(108, 10000, 'CLAURE  SERGIO EDUARDO', 'C. FRANCISCO DE QUEVEDO ENTRE MOSTAJO Y LOPE DE VE', 'josue_car_par@hotmail.com'),
(109, 10000, 'COLLAO POSTIGO ALFONSO BENJAMIN', 'PACATA BAJA', 'kcassano@upb.edu'),
(110, 10000, 'COLUMBA SALINAS MARIA LAURA', 'URB. PROVIDENCIA CALLE KALUA NO. 7A MALLASILLA', 'flopycast@hotmail.com'),
(111, 10000, 'CORDOVA BARTEIK MARIA CECILIA', 'CALLE MOLLES N° 085', 'jcastellon@upb.edu'),
(112, 10000, 'CORDOVA CLAURE MARIA CRISTINA', 'AV. AMERICA CASI JOSE QUINTIN MENDOZA EDIF. "LOS S', 'camilamarcelabelen@gmail.com'),
(113, 10000, 'CORDOVA DO PRADO VIVIANE NICOLE', 'CALLE MOLLES # 085', 'gcastellon3@upb.edu'),
(114, 10000, 'CORNEJO REYES JUAN ANDRES', 'HERMOGENES SALAZAR, TAPAC YUPANKI Y ENRIQUE ARCE', 'katri_015@hotmail.com'),
(115, 10000, 'CORRALES BLANCO ADRIANA PAMELA', '', NULL),
(116, 10000, 'COSCIO MANZANELLI ALDO MARTIN', 'FLORIDA SUD KM 7.5', 'charitocastoj@outlook.com'),
(117, 10000, 'COSSIO LEDEZMA SERGIO JOHNNY', 'FLOR DE LINO ENTRE CAFETILES Y DURAZNOS', 'vale.castellon93@gmail.com'),
(118, 10000, 'COSSIO PACHECO ROBERT BRIAN', 'MANUEL ITURRI 7592 BAJO SEGUENCOMA', 'nico.cerball.l@gmail.com'),
(119, 10000, 'COSSIO  MARIELA', 'CALLE VICTOR CUEVAS NRO. 2506-B, SAN LORENZO', 'andi-cl@hotmail.com'),
(120, 10000, 'COSTAS TORRICO ANDRÉS RODRIGO', 'ARANJUEZ, CALLE LOS MANZANOS COND. COLINAS DE ARAN', 'ignaciochain@hotmail.com'),
(121, 10000, 'COVARRUBIAS LOPEZ MARIA VALENTINA', 'AV. CIRCUNVALACION 2 ESQ. FRANKLIN ANTEZANA', 'miguel30stm@hotmail.com'),
(122, 10000, 'COVARRUBIAS UGARTE ALVARO', 'EDIF. LOS OLIVOS, DPTO. 13B', 'nchavez@upb.edu'),
(123, 10000, 'CRESPO DAZA DIEGO ESTEBAN', 'EDIF. LOS SAUCES, DPTO. 9', 'mchavez1@upb.edu'),
(124, 10000, 'CRESPO  URQUIZO MARIA FERNANDA', 'COTA COTA LAS RETAMAS Nº 80', 'lucioquad@hotmail.com'),
(125, 10000, 'CRUZ PEREZ ALEJANDRO GABRIEL', '', NULL),
(126, 10000, 'CUELLAR BRUCKNER ANDREA', 'AV. RODRIGUEZ MORALES N° 143 QUERU QUERU', 'silvi28.sc@gmail.com'),
(127, 10000, 'CUENCA VARGAS FERNANDO', '', NULL),
(128, 10000, 'CUSI BARBOLIN LAURA ANGELES', 'DANIEL CAMPOS Y CORNELIO SAAVEDRA', 'pame_jhose_11@hotmail.com'),
(129, 10000, 'DAVILA GAMARRA VALERIA', 'MAN CESPEDES 8575', 'clarissa.cingolani@gmail.com'),
(130, 10000, 'DAZA MATOS SEBASTIAN', 'CALLE GUIDO VILLAGOMEZ 3563 CALLE 1 PACATA BAJA', 'nfclaros@upb.edu'),
(131, 10000, 'DAZA SARAVIA JOSUE JOSE CARLOS', 'AV. SIMON LOPEZ #638', 'Clarosflavia94@gmail.comlarosflavia94@gmail.com'),
(132, 10000, 'DE LA RIVA THAINE JUAN CARLOS', 'C. ROBERTO BUSTILLOS S/N -', 'sclaros@upb.edu'),
(133, 10000, 'DE LA TORRE CASADO FRANCISCO RAMON', 'AV. CAPITAN USTARIZ KM 7.5', 'carolinaclaros75@gmail.com'),
(134, 10000, 'DE LOS PALOTES MOLINA PERICO', 'URB. EL BOSQUE I CASA # 156', 'beto_claure@hotmail.com'),
(135, 10000, 'DE RADA HERBAS PABLO ANDRES', 'AV.AMERICA ESTE C/QUIJARRO Nº1757', 'ceci501898@gmail.com'),
(136, 10000, 'DE UGARTE ACEBEY DIAGO BRIAN', 'AV. EXCONBATIENTES S/N ZONA HIPODROMO', 'daclaure@upb.edu'),
(137, 10000, 'DECORMIS  LEON MICAELA ANAHI', 'C/MANUEL UGALDE # 547 (ZONA CHIMBA)', 'sergioclaure93@gmail.com'),
(138, 10000, 'DEL CARPIO ARTEAGA DIANDRA', 'URB. SEÑOR DE MAYO # 50', 'acollao@upb.edu'),
(139, 10000, 'DEL CARPIO QUINO SARA', 'C/52 CHASQUIPAMPA', 'marialaurac@hotmail.es'),
(140, 10000, 'DELGADILLO HERBAS ANA PAMELA', 'ORURO # 454 ZONA CENTRAL', 'mcordova3@upb.edu'),
(141, 10000, 'DELGADO CORTEZ ANAHIZ FERNANDA', 'C. MANUEL PATRICIO LAREDO # 772', 'mcordova1@upb.edu'),
(142, 10000, 'DELGADO GONZALES FAVIO ALFONSO', 'C/VISCACHAS Nº8 AUQUISAMAÑA', 'nickycordova98@hotmail.com'),
(143, 10000, 'DELGADO ZAMBRANA ALEXANDRA YOLANDA', 'CONDOMINIO SUIZA CASA 7B CALLE CHIPALLA', 'jcornejo3@upb.edu'),
(144, 10000, 'DOMINGUEZ MINA DERY BORIS', 'CALLE BERNARDO MONTEAGUDO 1377', 'adrianac1008@gmail.com'),
(145, 10000, 'DUNIAT  PIERRE HENRY', ' C/PEDRO BORDA # 1072 EDF TORRES SOFER II, DPTO. 7', 'acoscio@upb.edu'),
(146, 10000, 'DURAN  POMAREDA MARIA BELEN', 'C/ HUALLPARRIMACHI Nº1828', 'seriosupercapo@hotmail.com'),
(147, 10000, 'EGUIVAR ORELLANA NOELIA ANDREA', 'PACATA BAJA', 'roberth_rod@hotmail.com'),
(148, 10000, 'EID MALDONADO JHARA FERNANDA', 'ALCIDES ARGUEDAS # 741 (AMERICA OESTE)', 'mcossio5@upb.edu'),
(149, 10000, 'ELIAS ROJAS ISABEL ALEJANDRA', 'URB. BELLA VISTA G3', 'acostas@upb.edu'),
(150, 10000, 'ENCINAS ECHEVARRIA ANELISSE', '', 'valecovarrubias@hotmail.com'),
(151, 10000, 'ESCALANTE SANDOVAL VALKIRIA', 'EDIF. LOS ALAMOS, DPTO. 100', 'acovarrubias@upb.edu'),
(152, 10000, 'ESCOBAR GONZALES GONZALO', 'AV. ECOLOGICA', 'diegocrespo76@yahoo.com'),
(153, 10000, 'ESCOBAR JUAREZ ANDRES LEONARDO', '', 'marifer.18crespo@gmail.com'),
(154, 10000, 'ESCOBAR LUJAN ERICK', 'C/SERRUDO S/N EDF. RENOVACION - POTOSI', 'agcruz@upb.edu'),
(155, 10000, 'ESPEJO ALVAREZ PABLO ANDRE', 'AV. OQUENDO EDIF. TORRES SOFER PISO 10 DEPTO 10C', 'acuellar2@upb.edu'),
(156, 10000, 'ESPINOZA GUILLEN ALVARO', '', NULL),
(157, 10000, 'ESPINOZA QUIROGA NHIZA LINETH', '', NULL),
(158, 10000, 'ESPINOZA VARGAS MAURICIO', 'HACIENDA SANTA MARIA DEPTO 13N', 'vale_davgam@hotmail.com'),
(159, 10000, 'FARFAN LARREA CARLA', '', 'sebas.dazamatos@gmail.com'),
(160, 10000, 'FERNANDEZ BORGES VANESSA SHOMARA', '', 'dazajjc44@gmail.com'),
(161, 10000, 'FERNANDEZ CADIMA SDENKA ARACELI', 'PARQUE LA TORRE # 710', 'jdelariva@upb.edu'),
(162, 10000, 'FERNANDEZ GOYZUETA ESTEFANY NATALIA', '', '586697@celes.unizar.es'),
(163, 10000, 'FERNANDEZ JULIO MARIA BELEN', 'DONDE EL INDIO PERDIO SU PONCHO', 'licronoso@upb.edu'),
(164, 10000, 'FERNANDEZ OLMOS TERESA JOSEFINA', 'CALLE CAVERO', 'pablo_derada@hotmail.com'),
(165, 10000, 'FERNANDEZ VAZQUEZ MIGUEL JAIME HERNAN', '', 'diagodeugarte@gmail.com'),
(166, 10000, 'FERNANDEZ VIDAURRE DANIELA ANDREA', '', 'micaeladecormis@hotmail.com'),
(167, 10000, 'FERNANDEZ VIDAURRE RODRIGO NESTOR', 'C/GRANADAS # 1441 (ZONA ALTO ARANJUEZ)', 'Diandra.DCA@gmail.com'),
(168, 10000, 'FERRER BORDA IGNACIO', 'AV. LA PAZ S/N ZONA GUADALUPE', 'saradcq@hotmail.com'),
(169, 10000, 'FERRUFINO FERRUFINO RENE ORLANDO', 'FINAL  AMERICA ESTE # 100', 'adelgadillo@upb.edu'),
(170, 10000, 'FERRUFINO GARDILCIC MARÍA JOSE', 'C/NICACIO GUTIERREZ # 3126 (ZONA AMERICA OESTE)', 'anahiz_d@hotmail.com'),
(171, 10000, 'FIGUEREDO RIVERO JASON BRIAN', 'ATAHUALLPA N° 2050', 'faviodelgado@live.com'),
(172, 10000, 'FLORES GUIZADA DANIELA', 'C. NESTOR OLMOS Y AV. SEGUNDA NRO. 3241', 'valdicita@gmail.com'),
(173, 10000, 'FLORES KALAFATIC SERGIO RODRIGO', 'AV. TADEO HAENKE # 1533', 'ddominguez@upb.edu'),
(174, 10000, 'FLORES LIZARAZU JENNIFER LAURA', '313 A HUMBOLDT', 'pduniat@upb.edu'),
(175, 10000, 'FLORES MORALES SERGIO', 'URB. LAS MAGNOLIAS II, CASA A-I', 'mbelenita@hotmail.com'),
(176, 10000, 'FLORES ROJAS JOSE JAIME', '', NULL),
(177, 10000, 'FLORES YAÑEZ ALEJANDRO', 'AV. OQUENDO NRO. 0177', 'jharaem17@gmail.com'),
(178, 10000, 'FRANULIC GALINDO DARKO', 'CONDOMINIO VILLA CANTABRIA # 11 LINDE SUD', 'eliasrojasisabel@gmail.com'),
(179, 10000, 'FRIAS ZUBIETA DANIELA NICOLE', 'ALCIBIADES GUZMAN # 800 (ZONA QUERU QUERU)', 'aencinas6@upb.edu'),
(180, 10000, 'FUENTES ROJAS FATIMA', '', NULL),
(181, 10000, 'GALINDO PICOLOMIVI CINDY CAROLA', 'PARQUE EX COMBATIENTES #1916', 'chity-gonzalo@hotmail.com'),
(182, 10000, 'GAMARRA ANTEZANA STEFANIE NICOLE', 'RICARDO JAIMES FREYRE # 1918 (CALA CALA)', 'aescobar5@upb.edu'),
(183, 10000, 'GAMARRA DATZER CARLOS ALBERTO', 'CALLE MARIANO BORDA #2087 ZONA TUPURAYA', 'erickeslu@gmail.com'),
(184, 10000, 'GAMBOA AGUILAR CAMILO MARCOS', '', 'brandonandremirror@gmael.com'),
(185, 10000, 'GANDARILLAS VARGAS NICOLE', 'MANCHAY PUITO # 1935 (ZONA AMERICA OESTE)', 'varo9091@gmail.com'),
(186, 10000, 'GARCES HUAPALLA DANIELA FERNANDA', 'AV. SUAREZ MIRANDA # 337 (ZONA QUILLACOLLO)', 'nhiza4@hotmail.com'),
(187, 10000, 'GARCIA MARIA HEREDIA', 'CALLE TAJIBO - PARAISOS', 'mauricio9820@hormail.commauricio9820@hotmail.com'),
(188, 10000, 'GARCIA MONTECINOS IVAN MAURICIO', '', NULL),
(189, 10000, 'GARCÍA VALENZUELA MARÍA FERNANDA', 'PACATA BAJA # 3K', 'vane91fb@gmail.com'),
(190, 10000, 'GARCIA PADILLA FERRUFINO VALERIA ISABEL', '', NULL),
(191, 10001, 'VACA CORTES MOISES ADRIAN', '', NULL),
(192, 10001, 'VACAFLOR OROZCO IGNACIO', 'AV. AMERICA ESQ ANDRES MARIA TORRICO', NULL),
(193, 10001, 'VALDEZ FERNANDEZ DANIEL  JORGE', 'AV. CRUCE TAQUIÑA S/N (URB. POLICIAL)', NULL),
(194, 10001, 'VALDEZ SANABRIA CINTHIA GENOVEVA', 'ANTEZANA Nº733', 'miguel_jhf@hotmail.com'),
(195, 10001, 'VALDIVIA CAMACHO MIGUEL ANGEL', 'CALLE MOLIERE # 420', 'daniela22fv@hotmail.com'),
(196, 10001, 'VALDIVIA CATACORA JUAN PABLO', 'CALLE MOLIERE N° 420', 'rodrigofernandez2695@hotmail.com'),
(197, 10001, 'VALDIVIA COCA HERNAN GABRIEL', '', NULL),
(198, 10001, 'VALDIVIA ENCINAS SOLANGE FERNANDA', 'KM 4,5 SACABA', 'rferrufino@upb.edu'),
(199, 10001, 'VALDIVIA HERBAS DIEGO ANDRES', 'AV. CALAMA NRO. 213', 'maritafg@icloud.com'),
(200, 10001, 'VALDIVIA QUISPE LUIS ERNESTO', 'AV JAVIER DEL GRANADO 1256 ACHUMANI', 'jasonfigueredo97@outlook.com'),
(201, 10001, 'VALENZUELA MENDEZ JORGE ALVARO', 'AV. BLANCO GALINDO KM 9 BARRIO KAMI', 'dani_flores_5@hotmail.com'),
(202, 10001, 'VALERIANO BLEICHNER WILLIAM', 'AV. TUNUPA N° 1328 ZONA SARCO', 'srflores@upb.edu'),
(203, 10001, 'VALLEJOS BALLADARES ANDRÉS GERMÁN', '', NULL),
(204, 10001, 'VALSANIA RODRIGUEZ GIOVANNI', 'C PACCIERI #684', 'sergx470@hotmail.com'),
(205, 10001, 'VARGAS AGUILAR CLAUDIA', 'CALLE GUATEMALA #1118 MIRAFLORES', 'jose7flores19@gmail.com'),
(206, 10001, 'VARGAS AGUILAR DANITZA', '', NULL),
(207, 10001, 'VARGAS ALBORNOZ FIDEL LEONCIO', '', NULL),
(208, 10001, 'VARGAS BLASCHKE JONATHAN HUGO', 'WASHIGTON Y BATALLON COLORADO', 'dani.fzu@gmail.com'),
(209, 10001, 'VARGAS CUAQUIRA ROCIO VANEZA', 'FALSURI # 241', 'ffuentes6@upb.edu'),
(210, 10001, 'VARGAS DAZA JEYSON', 'C. JORDAN Y JUNIN #0211', 'cgalindo@upb.edu'),
(211, 10001, 'VARGAS DE LA FUENTE CARLOS', 'AV. MELCHOR PEREZ #999', 'stefy5gama@gmail.com'),
(212, 10001, 'VARGAS JAIMES OMAR FARIDT', 'SAN MIGUEL ZONA MIRAFLORES', 'cgamarra@upb.edu'),
(213, 10001, 'VARGAS MODRAGON VALERIA LAURA', 'C/ RICARDO JAIMES FREYRE S/N', 'cgamboa2@upb.edu'),
(214, 10001, 'VARGAS RIVERO MARIANA', 'AV. MELCHOR URQUIDI # 1235 EDF. MAGESTAD', 'nicky_gandarillas@hotmail.com'),
(215, 10001, 'VARGAS SANTA CRUZ GUSTAVO JESUS', 'C. Araona entre Apurimak y 23 de Enero', 'dgarces@live.com'),
(216, 10001, 'VARGAS SORIA GALVARRO NATALIA ALEJANDRA', '', NULL),
(217, 10001, 'VARGAS VEDIA RODRIGO ALEJANDRO', 'MAYOR ROCHA #0357 ZONA CENTRAL', 'imgarcia@upb.edu'),
(218, 10001, 'VARGAS VELASCO CRISTHIAN FERNANDO', 'GUIDO', NULL),
(219, 10001, 'VARGAS VELASQUEZ ADRIAN LEONARDO', 'SAN MIGUEL BLOQUE L Nº37', 'valitagpf@gmail.com'),
(220, 10001, 'VARGAS VELIZ FABIAN SIMON', 'COND. MEDITERRANEO II DPTO. 9-D (ZONA SARCO)', 'sgarfias123@gmail.com'),
(221, 10001, 'VARGAS VILCA GABRIELA COSSETE', 'MIRADOR S/N', 'mgarnica2@upb.edu'),
(222, 10001, 'VASQUEZ GUZMAN JOSE RUBEN', 'KOANI CALLE 8 ESQ. LOS ALAMOS', 'anegabec@gmail.com'),
(223, 10001, 'VASQUEZ ILLANES NOELIA', 'C. CALAMA NRO. 731', NULL),
(224, 10001, 'VEIZAGA MALDONADO HECTOR ADRIAN', 'MIRAFLORES', 'gayetalale@gmail.com'),
(225, 10001, 'VELASCO MENGOA MAURICIO ISMAEL', 'HAC. SANTA MARIA 15-S C/NICARAGUA ESQ. HONDURAS (Z', 'rena.goitia.ba@gmail.com'),
(226, 10001, 'VELASQUEZ DABDOUB WILLIAM', 'CONDOMINIO HORIZONTE (CAMINO A SACABA)', 'akgonzales@upb.edu'),
(227, 10001, 'VELASQUEZ GARNICA SERGIO BERNABE', 'RADIATA NORTE # 145 URB EL BOSQUE SUD', 'estebangonzaleslopez@gmail.com'),
(228, 10001, 'VELEZ FROOD RODNEY ALFONSO', '', NULL),
(229, 10001, 'VELEZ SOLIS GUSTAVO GABRIEL', '', 'issagonzales5@hotmail.com'),
(230, 10001, 'VENEGAS DEL AGUILA ALBERTO ANTONIO', 'GUIDO', NULL),
(231, 10001, 'VERA POZO SERGIO ITALO', 'AV. LIBERTADOR BOLIVAR # 1649 ESQ. AV. AMERICA', 'agonzalez5@upb.edu'),
(232, 10001, 'VERA ROJAS RENE JOAQUIN', 'AV. CIRCUNVALACIÓN ZONA NORTE', 'ninelgrajeda@gmail.com'),
(233, 10001, 'VERA SALAS JUAN MARCELO', 'PJE.CORAZON DE JESUS #984', 'fgranda@upb.edu'),
(234, 10001, 'VERA VARGAS NICOLAS', '', NULL),
(235, 10001, 'VERAZAIN PEREZ CARLO RODRIGO', 'PSJ. LIA MORALES PONCE DE LEON', 'hguerrero@upb.edu'),
(236, 10001, 'VERDUGUEZ VARGAS JOSE RICARDO', '', 'jakieguigues@hotmail.com'),
(237, 10001, 'VEZJAK ABUAWAD CHRISTIAN FELIX', 'ALTO MIRADOR', 'renatagumiel@hotmail.com'),
(238, 10001, 'VIDAL ALCOCER FREDDY WLADIMIR', 'C. ROBERTO PRADA # 0223 ZONA TEMPORAL', 'marirconejita@hotmail.com'),
(239, 10001, 'VIDAL GARCIA ROMANNELL JAKELINE', 'ACHUMANI CALLE 57B JARDINESDEL SUR NO. 100', 'armagum@hotmail.com'),
(240, 10001, 'VIDAL MARTINEZ DANIEL MAURICIO', 'CALLE GRAL. PANDO PLAZA BOLIVAR QUILLACOLLO', 'jhos.guti@gmail.com'),
(241, 10001, 'VILLAN MONROY DANIEL ALEJANDRO', 'CHURUMATA ESQ. PASAJE A', 'stephaniegg16@gmail.com'),
(242, 10001, 'VILLARROEL HUERTA KEVIN', '', NULL),
(243, 10001, 'VILLARROEL PADILLA PABLO DANIEL', 'C. ABEDUÑLES 42', 'lguzman1@upb.edu'),
(244, 10001, 'VILLARROEL RIVERA ADRIANA', 'CONDOMINIO SANTA LUCIA', 'cguzman6@upb.edu'),
(245, 10001, 'VILLARROEL SALINAS JUAN JOSE', 'URBANIZACION LA RINCONADA PASAJE LOS CLAVELES NO. ', 'valen-guz@hotmail.com'),
(246, 10001, 'VILLARROEL TORRICO DENIS GUSTAVO', 'CALLE TRIGAL # 118', 'rguzman2@upb.edu'),
(247, 10001, 'VILLARROEL VARGAS DANIEL', 'CALLE PANTALEON DALENCE # 1810 (ZONA QUERU QUERU)', 'fernandaguzmanzamora@gmail.com'),
(248, 10001, 'VILLARROEL VARGAS KATHERINE', '', NULL),
(249, 10001, 'VILLCA TORRICO KEVIN CRISTHIAN', 'C/D Nº46 ZON ALAS LOMAS ACHUMAN', NULL),
(250, 10001, 'VIRACA GANDARILLAS GONZALO', 'AV. SAAVEDRA FINAL #2348 MIRAFLORES', 'herreraquintanillasrl@Hotmail.com'),
(251, 10001, 'VISCARRA ACOSTA JUAN PABLO', 'COND. EL ROBLE, CALLE RUNASSIMI', 'andy_ahc@hotmail.com'),
(252, 10001, 'VISCARRA AGREDA FABIANA', 'C/ BENI - RECOLETA', 'hhsiao@upb.edu'),
(253, 10001, 'VISCARRA ESPINOSA SERGIO JOAQUIN', '', NULL),
(254, 10001, 'VISCARRA SEPERAK JUAN CARLOS', 'C/BENI ESTRE POTOSI Y TOMAS FRIAS # 433', 'johanaibanez10@gmail.com'),
(255, 10001, 'VOCAL VASQUEZ JOHANNES PAULUS', 'AV. EL ESTUDIANTE Nº273', NULL),
(256, 10001, 'VOCAL VASQUEZ VIDAL ULISES', 'AV. AMERICA #148 ZONA CALA CALA', 'hibarra@upb.edu'),
(257, 10001, 'VOCAL VASQUEZ YUBATH HASSETH', '', NULL),
(258, 10001, 'YUGAR ARIAS IVO FERNANDO', 'CALLE PARAISO N. 136 BARRIO IRLANDES', 'iporrenicole@gmail.com'),
(259, 10001, 'YUGAR ARIAS SERGIO ALEJANDRO', 'C. GUILLERMO VISCARRA #125', 'airiarte@upb.edu'),
(260, 10001, 'YUGAR VALENZUELA EDMAR ADALID', 'ILLAPA Y WIRAKOCHA . EDIF. KENEDY 4 B', 'edwin_chiti@hotmail.com'),
(261, 10001, 'ZABALAGA ZEGARRA CLAUDIA VIVIAN ANELISS', 'HENRY MATEWI # 19 ENTRE JOSE POL', 'cjaldin@upb.edu'),
(262, 10001, 'ZABALAGA ZEGARRA DANIEL FERNANDO', 'C. GRANADAS # 1380 ALTO ARANJUEZ', 'cjimenez2@upb.edu'),
(263, 10001, 'ZALLES TRIGO MAYRA INGRID', 'C. 25 DE MAYO # 651', 'samita_jordan.a@hotmail.com'),
(264, 10001, 'ZAPATA AMPUERO NATALY ANDREA', 'CALLE J. BAPTISTA NRO. 0385', 'stefijordan23@gmail.com'),
(265, 10001, 'ZAPATA DAZA MAURO GABRIEL', '', NULL),
(266, 10001, 'ZAPATA LIZARRAGA JUAN PABLO', '', NULL),
(267, 10001, 'ZARATE VARGAS ARIEL', 'PJE. LA CHAIMA # 4', 'vkhek@upb.edu'),
(268, 10001, 'ZEGARRA AVENDAÑO MARIA JOSE', 'LAS LOMAS DE ACHUMANI AV CIRVUNCALACION URB MONTE ', 'alexitaklein@gmail.com'),
(269, 10001, 'ZEGARRA HERVOSO ADRIAN RODRIGO', 'ACHUMANI CALLE 15 EDIF 502', 'maya.nicole@hotmail.com'),
(270, 10001, 'ZHONG ZHU DE JUN MINMIN', 'TROJES TIQUIPAYA', 'ilafuente@upb.edu'),
(271, 10001, 'ZUAZO FLORES MARCELO', 'CALLE BUENOS AIRES · 480 ENTRE TORRICO ZONA QUERU ', 'rlafuente@upb.edu'),
(272, 10001, 'ZUBIETA GUEVARA RICARDO FELIX', 'AV. SALAMANCA #0523', 'llagraba@upb.edu'),
(273, 10001, 'ZUÑIGA LANZA ANDRE CARLOS', 'FELIX DEL GRANADO # 1447 ENTRE OBISPO ANAYA Y TEOF', 'jlama@upb.edu'),
(274, 10002, 'AGUILAR QUIROGA  MASIEL BENAZIR', 'AV.PAPA PAULO # E-1164', 'clarrain@upb.edu'),
(275, 10002, 'AGUILAR TIRADO STEPHANIE ALEJANDRA', '', NULL),
(276, 10002, 'AGUIRRE CASTELLANOS GERARDO', 'EL MIRADOR', 'dlavcevic@upb.edu'),
(277, 10002, 'AGUIRRE PEÑARANDA ROSARIO DE LOS ANGELES', 'PACATA BAJA', 'rlazo@upb.edu'),
(278, 10002, 'AITKEN SALINAS MARIANNE', '', NULL),
(279, 10002, 'ALARCON AGUIRRE MARIA JOSE', 'GARCILAZO DE LA VEGA # 788', 'vlehman@upb.edu'),
(280, 10002, 'ALARCON ARTEAGA ANDREA', 'CONDOMINIO LAS MAGNOLIAS N° 1810 FRENTE AL INSTITU', 'mleigue@upb.edu'),
(281, 10002, 'ALBA CAMACHO ANDRES FORTUNATO', 'LOMAS DE ARANJUEZ', 'dlema@upb.edu'),
(282, 10002, 'ALBA RIOS NICOLE ANAHI', 'LOMAS DE ARANJUEZ # 22', 'gabriellemaa@gmail.com'),
(283, 10002, 'ALBARRACIN SABJA MARCELO FARID', 'CALLE VILLA DE OROPEZA', 'niki96_ta@hotmail.com'),
(284, 10002, 'ALBORTA ALBA SEBASTIAN', '', NULL),
(285, 10002, 'ALBORTA CLAROS SUSAN FABIOLA', 'CARLOS DAVIS Y BELZU', 'loayzajerusalen@gmail.com'),
(286, 10002, 'ALCOCER VEGA ERIKA DARLENE', 'AV. CARLOS MEDINACELLI # 1455', 'jlopez@upb.edu'),
(287, 10002, 'ALDUNATE PERICON JORGE RAFAEL', 'AV. DEL DEPORTISTA N° 340', 'fercholopez_007@hotmail.com'),
(288, 10002, 'ALEJO ORTEGA DEYANIRA', 'ZON LAS CUADRAS, CALLE J.J. CARRASCO NRO. 584', 'miriangabypf@hotmail.com'),
(289, 10002, 'ALEJO ORTEGA YUDOSKA', 'PARQUE DEMETRIO CANELAS #2020  N ZONA CALA CALA', 'jmlopez@upb.edu'),
(290, 10002, 'ALIENDRE GONZALES CLAUDIA', 'AV. GENERAL GALINDO # 1391', 'camila.lopez.sejas.14@gmail.com'),
(291, 10002, 'ALIENDRE GONZALES DANIELA', '', NULL),
(292, 10002, 'ALIENDRE VARGAS ABEL HUMBERTO', 'C/ JAVIER BAPTISTA # 753', 'mlora@upb.edu'),
(293, 10002, 'ALVARADO VARGAS MARCELO JOAN', '', NULL),
(294, 10002, 'ALVAREZ CESPEDES CARLA ANDREA', 'URBANIZACION EL PORVENIR CASA 13', 'thelozano_mike@hotmail.com'),
(295, 10002, 'ALVAREZ GONZALES MIGUEL LEONARDO', 'AV. TADEO AHENKE # 1532', 'clujan@upb.edu'),
(296, 10002, 'ALVAREZ QUIROZ RORY', 'C7GENERAL ACHA # 173 AYACUCHO Y JUNIN', 'eduardojudo_3@hotmail.com'),
(297, 10002, 'ALVAREZ ROCABADO JAVIER RODRIGO FERNANDO', 'CALLE COLOMBIA Y JOSE POOL', 'marivi_16@hotmail.com'),
(298, 10002, 'ALVAREZ ROMAN JHON', '', NULL),
(299, 10002, 'ALVAREZ VELASQUEZ KAREM', '', NULL),
(300, 10002, 'AMADO MIRANDA PEDRO RAFAEL', 'C.ANAYA #3755', 'amaldonadoclaure@gmail.com'),
(301, 10002, 'AMAYA COCA OSCAR MARCELO', 'AV. PERU Y BLANCO GALINDO #215', 'alipnemerxxl@hotmail.com'),
(302, 10002, 'AMONZABEL MORON CATALINA', '', NULL),
(303, 10002, 'ANAYA GIORGIS GABRIELA', 'AV. GUILLERMO URQUIDI # 1639', 'dmamani6@upb.edu'),
(304, 10002, 'ANCALLE FERNANDEZ ARIEL ROBY', 'AV. LIBERTADOR N° 1480 ENTRE AV. AMERICA', 'alejandra.manchego@gmail.com'),
(305, 10002, 'ANDIA FLORES GONZALO ISRAEL', 'MESETA DE ACHUMANI CALLE 10 CASA Nº8', 'luamancilla@gmail.com'),
(306, 10002, 'ANDRADE SILVA OSCAR RODRIGO', 'AV. LA SALLE, EDIF. MACORORO 9', 'd.mancillasuarez@hotmail.com'),
(307, 10002, 'ANIBARRO ZELAYA DANIEL MAURICIO', '', 'fabian.manriquezk@hotmail.com'),
(308, 10002, 'ANTELO GOMEZ MIGUEL ORTEGA', 'C/RENE MORENO (ZONA SAN MIGUEL -  LPZ)', 'mariacacristian@hotmail.com'),
(309, 10002, 'ANTELO PADILLA LUIS EDUARDO', 'C/SUCRE # 554 (RESIDENCIAL FAMILIAR)', 'cmariey@upb.edu'),
(310, 10002, 'ANTEZANA ACOSTA JUAN JOSÉ', 'PACATA BAJA SIN NOMBRE, NRO. 13', NULL),
(311, 10002, 'ANTEZANA ANGULO WENDY AIDA', 'PZA. 4 DE NOV., EDIF. MIRAGE 7A', 'mmarquez@upb.edu'),
(312, 10002, 'ANTEZANA ARISPE HUGO YAMIL', 'C/LITORAL MIRAFLORES', 'rabbit64.sma@gmail.com'),
(313, 10002, 'ANTEZANA GUIZADA NICOLE', 'C. FRANCISCO PRADA # E1566', 'pmartinez1@upb.edu'),
(314, 10002, 'ANTEZANA TERAN ABRIL', '', NULL),
(315, 10002, 'ANTEZANA VELASQUEZ FERNANDO JOSE LUIS', 'AV. BLANCO GALINDO #10', 'jmartinez@upb.edu'),
(316, 10002, 'ARAMAYO MARTINEZ KAREN MARIELA', 'AV. AMERICA EDIF. ESTELAR DEPTO. 3B', 'cmartinez@upb.edu'),
(317, 10002, 'ARAMAYO PACHECO LUIS MARCO', 'AV. CIRCUNVALACIÓN #181', 'emayer@upb.edu'),
(318, 10002, 'ARANCIBIA RIVERO CAMILA FERNANDA', 'CALLE ZEBALLOS 2087', 'gmedina@upb.edu'),
(319, 10002, 'ARANCIBIA TERAN HECTOR', '', 'camila.medinap97@yahoo.com'),
(320, 10002, 'ARANDIA BALDERRAMA GUY ALBERTO', 'AV. MELCHOR PEREZ DE OLGUIN # 2012', 'dmedina@upb.edu'),
(321, 10002, 'ARANDIA ROMAN ORLANDO MAURICIO', 'URB. MAREVI #884', 'abrilmedina@gmail.com'),
(322, 10003, 'QUELALI QUISPE SHIRLEY MISCARLA', 'BELLA VISTA #L-7', 'lumeque97@hotmail.com'),
(323, 10003, 'QUINO PERALTA EBER', 'ANGELICA ASCUI #501 Y J. BAPTISTA', 'andres.ramc@gmail.com'),
(324, 10003, 'QUIROGA SEJAS MIGUEL', 'DAMIAN REJAS # 2977 (MAYORAZGO)', 'annemejia_95qhotmail.com'),
(325, 10003, 'QUISPE COLQUE MAGALY LUISA', 'ALTO SEGUENCOMA CALLE 4 Nº309', 'mimejiav98@gmail.com'),
(326, 10003, 'QUISPE LLAURI RIOLIGILIA', 'AV. BUSH 1929', 'wen_1505@hotmail.com'),
(327, 10003, 'RAMALLO YUCRA JOSE ANDRES', 'CALLE VICTOR SANJINES NO. 2935 SOPOCACHI', 'dajamt@yahoo.com'),
(328, 10003, 'RAMIREZ SALOMON PABLO DAVID', 'C. RAFAEL PABON # 77 - AMERICA OESTE', 'rmendieta@upb.edu'),
(329, 10003, 'RAMOS IPORRE KEVIN ADRIAN', 'AV. FINAL PANDO Y SEGUNDA CIRCUNVALACIÓN', 'horacio_mmb@hotmail.com'),
(330, 10003, 'RAÑA BURGOS KEVIN', 'C/PEDRO BUTRON EDF. ALPÑES II (CALA CALA)', 'male_mendyz90@hotmail.com'),
(331, 10003, 'RAPHAEL MERIDA GABRIELA ALEJANDRA', '', 'cesiangelica@hotmail.com'),
(332, 10003, 'RASGUIDO PORTER MAXIMILIANO JOSE', 'AV. BLANCO GALINDO KM. 12', 'ammercado@upb.edu'),
(333, 10003, 'REQUE SANCHEZ DE LOZADA ANDREE RICARDO', 'CALLE RAFAEL PABON NRO. 2010, VILLA MODERNA', 'carlitamercado@gmail.com'),
(334, 10003, 'REYNAGA BERNABE YAWAR MARCELA', 'C. TTE T. SCOTT # 2555', NULL),
(335, 10003, 'RIVAS MENDOLA PAOLA ANDREA', 'AV. AMERICA, COND. EL VERGEL NRO. 9-D', 'nayda.merida@yahoo.com'),
(336, 10003, 'RIVAS  PABLO', 'AV. AYACUCHO NRO. 0893, ESQ COSTANERA', 'KMERIDA2@GMAIL.COM'),
(337, 10003, 'RIVERA BENITEZ RONALD ALBERTO', 'URB. MAGNOLIAS III AV. FINAL VILLAVICENCIO', 'isa.prince_meru94@hotmail.com'),
(338, 10003, 'RIVERA GUERRA JOAQUIN ALEJANDRO', 'CALLE 15 DE AGOSTO2725', 'mhurmateo19@gmail.com'),
(339, 10003, 'RIVERO TORREZ JHON FREDDY', 'AV. QUINTANILLA ZUAZO NO. 159', 'pablitoss777@me.com'),
(340, 10003, 'ROCHA RIBERA LEONARDO NICOLÁS', 'ED MERCEDES TORRE SUR Nº1406', 'angelamichelcabezas@gmail.com'),
(341, 10003, 'RODRIGUEZ CHAVARRIA JAVIER E.', 'IRPAVI CALLE 2 EDIFICIO PANTOJA #6970', 'FATI_MOGBLE@HOTMAIL.COM'),
(342, 10003, 'RODRIGUEZ GARCIA LUCAS WERNER', 'C. PEDRO BLANCO Y TOMAS FRIAS', 'gabogonmol2.agmg@gmail.com'),
(343, 10003, 'RODRIGUEZ LOPEZ ALVARO DIEGO', 'AV. SANTA CRUZ # 19', 'noemolova@gmail.com'),
(344, 10003, 'RODRIGUEZ RIVEROS JARED MIGUEL', '', NULL),
(345, 10003, 'RODRIGUEZ ROQUE VICTOR MIGUEL', 'V. LIBERTADOR BOLIVAR · 1759 ENTRE AV. AMERICA Y P', 'dmontano2@upb.edu'),
(346, 10003, 'ROJAS ALCON JONATHAN DANIEL', 'C/ISMAEL CESPEDES # 352 8ZONA ZARCO)', 'montanocarolina26@gmail.com'),
(347, 10004, 'VARGAS AGUILAR MARCELO ANGEL', 'CALLE MANUEL FERRUFINO #0651', 'jfmp_576@hotmail.com'),
(348, 10004, 'VARGAS ARRIAGA JOSE LUIS', 'C/SAN LORENZO ZONA HIPODROMO', 'vivian_m_s@hotmail.com'),
(349, 10004, 'VARGAS BLASCHKE SHANNON ROBERT', 'C. ANDRES UZEDA # 17', 'jmontano2@upb.edu'),
(350, 10004, 'VARGAS CONTRERAS MARIA RENEE', 'C. ESPAÑA #420 ENTRE MAYOR ROCHA Y MEXICO', NULL),
(351, 10004, 'VARGAS FLORES JORGE ARIEL', '', NULL),
(352, 10004, 'VARGAS FRONTANILLA DAVID ANTONIO', 'CAKKE 45 NO, 84 CHASUIPAMPA', 'alejandromonteroalejandro95@hotmail.com'),
(353, 10004, 'VARGAS FUENTES MIGUEL ANGEL', 'AV. MELCHOR URQUIDI #800', 'rmora@upb.edu'),
(354, 10004, 'VARGAS MENDOZA PAOLO IVAN', 'AV. GENERAL CAMACHO #88 ZONA QUILLACOLLO', 'rimorales@upb.edu'),
(355, 10004, 'VARGAS OMONTE FREDDY ALEXANDER', 'LUCAS MENDOZA #178', 'vmorales@upb.edu'),
(356, 10004, 'VARGAS PANIAGUA RODRIGO', 'EUDORO GALINDO QUIROGA #2390', 'cmorales1@upb.edu'),
(357, 10004, 'VARGAS QUISBERT SORAYA NICOLE', 'C. BAPTISTA # 0713', 'mmoreira1@upb.edu'),
(358, 10004, 'VARGAS RIVAS JOSE ALFREDO', 'SIMEON RONCAL  CONDOMINIO REMANZO', 'laismorong@hotmail.com'),
(359, 10004, 'VARGAS RIVERO EMILIO', 'BEIJIN Y AMERICA CONDOMINIO PLAZA REAL', 'jpmv1395@gmail.com'),
(360, 10004, 'VARGAS ROJAS CARLOS     ', 'CARLOS WINNER ESQ PORTOCARRERO', 'camichulita2000@hotmail.com'),
(361, 10004, 'VARGAS TORDOYA MAURICIO CARLO', 'C. LOLA TABORGA', 'vmostajo@upb.edu'),
(362, 10004, 'VARGAS ZURITA MARCO ANTONIO', 'URB. DIRECO-SACABA', 'rodri-moyano@hotmail.com'),
(363, 10004, 'VASQUEZ AGREDA RODRIGO ANTONIO', '', NULL),
(364, 10004, 'VASQUEZ NASH NICOLAS FERNANDO', 'COLOMBIA ENTRE LANZA Y ANTEZANA #0659 ZONA CENTRAL', 'jmuniz@upb.edu'),
(365, 10004, 'VASQUEZ PANTOJA IGNACIO', 'ACHUMANI CALLE 32 NO. 100', 'm.dariostefano@gmail.com'),
(366, 10004, 'VASQUEZ  AGREDA LAURA ESTEFANIA ', 'AV. AMERICA # E-0992', 'rmurillo@upb.edu'),
(367, 10004, 'VAYNE CHOQUE  UNCANK VLADIMIR', '', 'mto.ktllsy@hotmail.com'),
(368, 10004, 'VEGA CONDORCET MILTON MILO', 'MANCHAY PUITO, EDF. ECLIPSE', 'rnavia@upb.edu'),
(369, 10004, 'VEGA  AGUIRRE DANIEL MARCELO', 'AV. ANICETO PADILLA # 147', 'jnavia1@upb.edu'),
(370, 10004, 'VEIZAGA AREVALO  MARIA ISABEL', 'CALLE TOMAS FRIAS # 1462', 'pneri@upb.edu'),
(371, 10004, 'VELARDE REVOLLO DIANA BELEN', '', NULL),
(372, 10004, 'VELASCO ANTELO RODRIGO ALONSO', 'CALLE ELENA RENDON #166', 'gre.nina009@gmail.com'),
(373, 10004, 'VELASCO FERREYRA JUAN IGNACIO', 'URB. BELLA VISTA V-9', 'erickanogba99@@gmail.com'),
(374, 10004, 'VELASCO GUZMAN GUSTAVO ADOLFO', 'SAN MARTIN N° 0722 ENTRE AROMA Y URUGUAY', 'gnogales@upb.edu'),
(375, 10004, 'VELASCO TARQUINO EDGAR FELIPE', 'KAPAC YUPANKI S/N', 'jenicita43@hotmail.com'),
(376, 10004, 'VELASCO VELEZ KEVIN ILICH', 'AV. BLANCO GALINDO KM 6,5', 'amilkarnogales@gmail.com'),
(377, 1005, 'ADRIAZOLA APAZA JHON HAROLD', '', NULL),
(378, 1005, 'ADRIAZOLA TORREZ FERNANDO', 'C/ MANCHAY PUITO Nº 1863 Z/SARCO', 'valeoconnor@hotmail.com'),
(379, 1005, 'AGUILAR USQUIANO RAFAEL ANDRES', 'URB. LA GLORIETA CALLE 1 NO. 18 ALTO CALACOTO', 'sabrianolaechea@hotmail.com'),
(380, 1005, 'AGUIRRE RODAS NOELIA', 'C. TUMUSLA, PASILLO MUNICIPAL', 'solea@upb.edu'),
(381, 1005, 'ALANES PACCI MARIA ELENA', 'AV. BLANCO GALINDO KM. 11.5', 'molguin@upb.edu'),
(382, 1005, 'ALEMAN PERICON JOHN RAFAEL', 'C. ADELA ZAMUDIO NRO. 1809, ZONA CALA CALA', 'gaboolivera@outlook.com'),
(383, 1005, 'ALFARO URQUIOLA ADRIAN GUILLERMO ALTAIR', 'CONDOMINIO LOMAS DE ARANJUEZ', 'olmedo_ale96@hotmail.com'),
(384, 1005, 'ALVAREZ ALCOREZA MARTIN JONATAN', 'URB. ENDE # 35 KM. 4 1/2 AV. BLANCO GALINDO', 'eontiveros@upb.edu'),
(385, 1005, 'ALVAREZ ARAUCO MARCO ANTONIO', 'APURIMAK # 2943 CONDOMINIO SUIZA CASA 2A ZONA SARC', 'lettusca@hotmail.com'),
(386, 1005, 'ALVAREZ PARI  ADRIANA NAYRA', '', NULL),
(387, 1005, 'ANDRADE AGUIRRE KATERINE ALEJANDRA', 'RESIDENACIA UPB HOTEL COLON', 'aorellana3@upb.edu'),
(388, 1005, 'ANTEZANA BENITEZ JORGE LUIS', '', NULL),
(389, 1005, 'ANTEZANA DEL CARPIO GAIA', '', NULL),
(390, 1005, 'APARICIO MENESES LUIS ALBERTO', 'ZONA SEMAPA CALLE JAVIER BAUTISTA CONDOMINIO GERAN', 'aortega@upb.edu'),
(391, 1005, 'ARANCIBIA SOLIZ ALEJANDRA', '', NULL),
(392, 1005, 'ARANDIA VEIZAGA ANTONIO', 'AV. SIMON LOPEZ # 2153', 'iortuno@upb.edu'),
(393, 1005, 'ARCE SOLIZ MANUEL HEBERTO', 'CALLE ISMAEL ZEGARRA N°779', 'leny_fp_134@hotmail.com'),
(394, 1005, 'ARCIENEGA CALDERON JUAN PABLO', 'CALLE ANTONIO QUIJARRO N° 1907  ZONA CATOLICA', 'mpaccieri@upb.edu'),
(395, 1005, 'ARCIENEGA MENDIETA LUDWING FERNANDO', 'CALLE TARIJA EDIF. LIBERTADOR DEPTO. 5 E', 'hpadilla@upb.edu'),
(396, 1005, 'ARCOS MIRANDA EDUARDO MIGUEL', 'CALLE POTOSI # 1351', 'lpadilla3@upb.edu'),
(397, 1005, 'ARNEZ YAGUALCA FABIO ALEJANDRO', 'AV. BLANCO GALINDO KM. 10 Y ELIAS MENESES', 'e79731160.2907@gmail.com'),
(398, 1005, 'ARTERO ARZE CAROLINA', 'CALLE TOCOPILLA ESQ JESUS AGUAYO', 'cfpaniagua@upb.edu'),
(399, 1005, 'ASCARRUNZ GUILLÉN DIEGO', 'AV. BLANCO GALINDO KM. 6.5', 'picaflor@hotmail.com'),
(400, 1005, 'AUZA IBAÑEZ CAMILO FABIAN', 'AV. AMERICA EDF. ALTAMIRA DPTO. A P-13', 'robby_rapc@hotmail.com'),
(401, 1005, 'AVILA AGREDA MARIA TERESA', 'AV. AMERICA # 01113 ESQ. ILLAPA OESTE', 'gpardo@upb.edu'),
(402, 1005, 'AVILA MOLINA FELIPE IGNACIO', 'CALLE VICTOR EDUARDO #2296 MIRAFLORES', 'boris_18212@hotmail.com'),
(403, 1005, 'AYALA MORALES MIGUEL ALEJANDRO', 'IRPAVI CALLE 10', 'jayripg97@gmail.com'),
(404, 1005, 'AYALA REYES ADEMAR ALFREDO', 'AV VIRGEN DE URKUPIÑA', 'monicapatzirivero@gmail.com'),
(405, 1005, 'AYAVIRI CALIZAYA VICTOR DAVID', 'AV. BEIJIN,  # 100 -', 'gpaz@upb.edu'),
(406, 1005, 'AZEÑAS ANTEZANA CAMILO FABIAN', 'AV. CENTENARIO, URB. EL BOSQUE NRO. 91', 'nousaninguno@norecuerda.com'),
(407, 1005, 'BALDERRAMA GRAGEDA YASMIN IRIS', '', NULL),
(408, 1005, 'BALLON CARDENAS DIEGO FRANCISCO', 'CALLE MARIANO RICARDO TERRAZAS N° 1346', 'pao.rps.92@gmail.com'),
(409, 1005, 'BARRAGAN MUÑOZ PEDRO JOSE', 'AV AREQUIPA Y AV LOS ALAMOS 8917', 'igapo@outlook.com'),
(410, 1005, 'BARRERO MACHICADO RODRIGO', '', NULL),
(411, 1005, 'BARRIENTOS BILBAO ANA BELEN', 'CONDOMIO PALERMO CALLE CHIPAYA', 'laupereira@upb.edu'),
(412, 1005, 'BARRIENTOS VIA CARMINIA', '', NULL),
(413, 1005, 'BERTOLETTI LLANOS STEFANO', 'C/FLOR DE LINO Nº2615 ZONA  ALTO ARANJUEZ', 'fer_pereyra_98@hotmail.com'),
(414, 1005, 'BLANCO OROPEZA SERGIO RODRIGO', 'C. RICARDO TERRAZAS #1067', 'bpereyra@upb.edu'),
(415, 1005, 'BLANCO URQUIDI MATEO', 'CAP. ZUBIETA # 1299 (ZONA CHIMBA)', 'hpereyra@upb.edu'),
(416, 1005, 'BOCANGEL CALDERON WASCAR', 'C. SAN MIGUEL TIQUIPAYA', 'andynicky15@gmail.com'),
(417, 1005, 'BOLAÑOS TORRICO DIEGO GUILLERMO', '', NULL),
(418, 1005, 'BORJA SALMON SEBASTIAN IGNACIO', 'TUPAC AMARU ESQ. P. DEL INCA N° 250', 'fperez2@upb.edu'),
(419, 1005, 'CABALLERO MANZANEDA ISAAC RAFAEL', 'CALLE 21 DE CALACOTO NO. 8374', 'danny-s_102@hotmail.com'),
(420, 1005, 'CALDERÓN VIDAURRE MARCO LUIS', 'C/QUIJARRO # 368 (ZONA QUERU QUERU)', NULL),
(421, 1005, 'CALLE GARCÍA CARLA ALEJANDRA', 'PARQUE FIDEL ANZA # 25', 'dperez6@upb.edu'),
(422, 1005, 'CALVI CARDONA OLIVER', 'AV. CIRCUNVALACION Y CENTENARIO, NRO. 5', 'esthefanypz@hotmail.com'),
(423, 1005, 'CAMACHO LOPEZ SANTIAGO', '', NULL),
(424, 1005, 'CAMARGO GUZMAN LUIS', 'C/PARAISO S/N CARRETERA A SACABA KM 4 ZONA QUINTAN', 'agustinapinedocabrera@gmail.com'),
(425, 1005, 'CANELAS ESCOBAR ALVARO', 'LOS PINOS B41 DPTO 301', 'apinell@upb.edu'),
(426, 1005, 'CAPUMA ARCE PAOLA EUGENIA', 'C/PACCIERI # 862 ENTRE AV. OQUENDO Y 16 DE JULIO', 'ppizzani@upb.edu'),
(427, 1005, 'CARDONA SAUCEDO STEFFANO BENJAMIN', 'CALLE VICTOR RODRIGO NRO. 1622', NULL),
(428, 1005, 'CARRASCO DURAN GONZALO ABIMAEL', 'C/ ATAHUALLPA S/N ENTRE 6TA. Y 7MA. (TEMPORAL)', 'nponce@upb.edu'),
(429, 1005, 'CARRASCO SABA DIEGO ANDRES', '', NULL),
(430, 1005, 'CARTAGENA YURICEVIC  ANAHI CAMILA', 'C/PANTALEON DALENZE ESQ. JUAN CAPRILES EDF. VANDER', 'fabi_prudi@hotmail.com'),
(431, 1005, 'CASAZOLA GARCIA DENNIS ALBERTO', 'CALLE TARIJA NO. 12', 'luis.prudencio@hotmail.com'),
(432, 1005, 'CASTAÑARES LORIA MARCELO FELIX', 'URB. EL BOSQUE NORTE #218', 'tania_quevedo@hotmail.com'),
(433, 1005, 'CASTELLON AREVALO PABLO ANDRES', 'ACHUMANI CALLE 29 AV JAVIER DEL GRANADO 59', 'equevedob13@gmail.com'),
(434, 1005, 'CASTRO MENECES DIANA JAZMIN', 'URB, MAGNOLIAS 3', 'dquilla@upb.edu'),
(435, 1005, 'CASTRO PAEZ NICOLE KAREN', 'ALTO OBRAJES SECTOR A ELIZARDO PEREZ 270', 'gquintana1998@gmail.com'),
(436, 1005, 'CENTELLAS FRADE MAYRA NADIA', 'AV. TADEO HAENKE # 1417', 'krqa-1@hotmail.com'),
(437, 1005, 'CESPEDES GUTIERREZ JUAN JOSE', 'AV. BLANCO GALINDO KM. 4.5', 'vquinteros@upb.edu'),
(438, 1005, 'CHAVARE LANZA MARCO ANTONIO', 'IRPAVI II COND. EL MIRADOR CASA#3', 'eduardoandresquinterossotomayor@hotmail.com'),
(439, 1005, 'CHAVEZ MÉRIDA MAYRALI', 'C/PEDRO BLANCO # 255 ESQ. TRINIDAD (QUERU QUERU)', 'janqui_10@hotmail.com'),
(440, 1005, 'CHIRINOS IRAHOLA DANIEL IGNACIO', 'CALLE HEROES D3E BOQUERON N° 1475', 'cdquiroga@upb.edu'),
(441, 1005, 'CHIVE PEÑARANDA ROMMEL ALEJANDRO', 'C/ HEROES DE BOQUERON # 1475', 'fquiroga2@upb.edu'),
(442, 1005, 'CLAROS TRIVEÑO JOSE EDWIN', 'TOLATA CHICO', NULL),
(443, 1005, 'CLAURE CABRERA OSCAR MIKE', '', NULL),
(444, 1005, 'CLAVIJO QUIROGA JUAN CARLOS', 'VILLA DE OROPEZA ESQ. NUEVA CASTILLA N° 451', 'gigiraimondeau@hotmail.com'),
(445, 1005, 'CLAVIJO URRELO DILHAN CRISTOPHER', 'CALLE EDUARDO OCAMPO #250 BEIJINJ Y JUAN DE LA ROS', 'jessy_ramallo@hotmail.com'),
(446, 1005, 'COELLO MURILLO GABRIEL ALEJANDRO', 'LADISLAO CABRERA # 427', 'gramirez@upb.edu'),
(447, 1005, 'CONDE VELA GONZALO MANUEL', 'AYACUCHO Y ECUADOR . JACARANDA 2. DEPTO 3A', 'alejandra1153@hotmail.com'),
(448, 1005, 'CONDORI ARANO ANAHI', 'CASA L-1 URBANIZACION BELLA VISTA', 'pablo_ramirez9@hotmail.com'),
(449, 1005, 'CONDORI DAVALOS BRANDON ESTIVEN', 'EDUARDO BERDECIO', NULL),
(450, 1005, 'CORS DE LA ZERDA SERGIO ISRAEL', '', 'elsaedithfernandezgallo@gmail.com'),
(451, 1005, 'COSSIO HURTADO RICARDO', 'URB. LOS OLIVOS C. ANGEL CASTELLON', 'ana-carolina@hotmail.com'),
(452, 1005, 'CRUZ GUTIERREZ ANDREA', 'CALLE PALMERAS S/N, ZONA VILLA MOSCÚ', 'reynoldsvale@gmail.com'),
(453, 1005, 'CUESTAS CARVAJAL MILTON', 'C. ANICETO PADILLA 775', 'areynolds@upb.edu'),
(454, 1005, 'DAVILA LOBO BACKNER MAURICIO', 'JUNIN ESQ ECUADOR', 'pricard@upb.edu'),
(455, 1005, 'DEHEZA SIERRA JUAN PABLO', 'C. ATAHUALLPA ESQ. CICLOVIA', 'crico@upb.edu'),
(456, 1005, 'DELGADILLO FERNANDEZ HEBERT JUAN DE DIOS', 'COTA COTA CALLE 34 RETAMAS', 'facamilaval@gmail.com'),
(457, 1005, 'DELGADILLO PANOZO JAIME ERNESTO', 'C/RICARDO MARIANO TERRAZAS # 1082 (ZONA LAS CUADRA', 'irivera@upb.edu'),
(458, 1005, 'DELGADILLO VARGAS JUAN PABLO', 'C. HAMIRAYA #641', 'oriveros@upb.edu'),
(459, 1005, 'DELGADO BORDA MONICA SOFIA', 'CALLE JACARANDA S/N', 'deni_rocabado@hotmail.com'),
(460, 1005, 'DIAZ ECHEVERRÍA DANIEL OSCAR', 'GARCILAZO DE LA VEGA #255 ZONA OESTE VILLA GALINDO', 'srocabado@upb.edu'),
(461, 1005, 'DURANDAL BAINA ALEJANDRO', 'AV. AMERICA NETRE PACHAMAMA Y PQUE. LINCOLN, NRO. ', 'notiene@notiene.com'),
(462, 1005, 'ECHAVE CUAPO MEYLI LORENA', 'C. FALSURI ESQ. SANTIVAÑEZ #0712 ZONA SUDESTE', 'jkrocha@upb.edu'),
(463, 1005, 'ESCOBAR GALABURDA DARIA ANGELICA', 'AV. TEOFILO VARGAS # 780', 'pame_r06@hotmail.com'),
(464, 1005, 'ESCOBAR GALLARDO ERICK EMMANUEL', 'C. ENRIQUE ARZE', 'camila.rodriguezandrade@gmail.com'),
(465, 1005, 'ESCOBARI OCAMPO JUAN PABLO', 'AV. MELCHOR PEREZ DE OLGUIN N° 1722', 'patricia.r.b@hotmail.com'),
(466, 1005, 'ESPINOZA PINTO SANTIAGO', 'EDUARDO OCAMPO MOSCOSO ENTRE AV. AMERICA Y ALCIDES', 'catalina.mcrc@gmail.com'),
(467, 1005, 'ETEROVIC ROCHA VIERA DENISE', 'CALLE EDUARDO CAMPO MOSCOSO Y AV AMERICA', 'marito._2@hotmail.com'),
(468, 1005, 'FERNANDEZ ANTEZANA ALEJANDRO ALFREDO', 'CALLE VILLA DE OROPEZA', 'revir_o@hotmail.com'),
(469, 1005, 'FERNANDEZ DEHEZA ANGEL MARIO', 'C/MARIANO MENDEZ # 2028 (ZONA TUPURAYA)', 'mau_rodriguez_g@hotmail.com'),
(470, 1005, 'FIGUEROA ARANIBAR JOSE ANDRES', 'AV. AMERICA OESTE EDIF. TORRES DE AMERICA DEPTO 8-', 'arodriguez7@upb.edu'),
(471, 1005, 'FIORETTI GARCIA PAUL ANDREW', 'QLLO 14 DE SEPTIEMBRE CALLE 6 DE AGOSTO', 'da_lo_rl@hotmail.com'),
(472, 1005, 'FLORES AGREDA RODRIGO JESUS', 'LAS LOMAS DE ARANJUEZ NRO. 8', 'clau.r.v6@gmail.com'),
(473, 1005, 'FLORES ARNEZ SERGIO EDUARDO', 'AV. AMERICA # 354 EDF. TAURO DPT. 6-B', 'majo_rv93@hotmail.com'),
(474, 1005, 'FUENTES GONZALES PABLO ANDRES', 'COTA COTA C/35 SECTOR CARMELITAS#450', 'andresroelantsduvivier@gmail.com'),
(475, 1005, 'FUENTES ROJAS CARLOS EDUARDO', '', NULL),
(476, 1005, 'GALINDO FERNANDEZ OSCAR LEONARDO', 'BARRIO SAN MIGUEL CALLE 22, S/N, ZONA VALLE HERMOS', 'oska_02@live.com'),
(477, 1005, 'GARCIA SALGUEIRO JORGE  STEPHAN', '', NULL),
(478, 1005, 'GARCIA VARGAS ALEJANDRO JHONNY', 'CALLE POTOSI NRO. 1513M ZONA QUERU QUERU', 'cami_rsinani@hotmail.com'),
(479, 1005, 'GARNICA PÉREZ ALFREDO LUIS', 'CALLE GOBLES 113 ED. JENNY C/15 IRPAVI', 'germansilvale@gmail.com'),
(480, 1005, 'GONZALES ACHA  FREDDY ALVARO', 'CALLE INOMINADA, PZA. PRINCIPAL TIQUIPAYA', 'lrolin49@gmail.com'),
(481, 1005, 'GONZALES HUARACHI SERGIO ALEJANDRO', 'AV.MELCHOR PEREZ DE OLGUIN Nº2138', 'ferclaros99@gmail.com'),
(482, 1005, 'GONZALES SALAZAR JESÚS EDUARDO', 'AV. LIBERTADOR BOLIVAR # 1662', 'taisromerodc@hotmail.com'),
(483, 1005, 'GONZALES VALLEJOS MICHAEL CARLOS', 'SAN MIGUEL BLOQUE J NO. 44 CALLE RENE MORENO NO. 1', 'alvaronavy2.0@gmail.com'),
(484, 1005, 'GOYTIA CAMACHO SERGIO ERNESTO', 'LADISLAO CABRERA # 544', 'rrsales@upb.edu'),
(485, 1005, 'GRAJEDA VACA ERICK RENE', 'C. HAMIRAYA # 423', 'crospigliosi@upb.edu'),
(486, 1005, 'GRANADINO MARISCAL MARCELO PAOLO', 'GUIDO', NULL),
(487, 1005, 'GUILLEN ROCA ELIAN', 'BARRIO IRLANDEZ C/PARAISO # 318', 'rrufino@upb.edu'),
(488, 1005, 'GUTIERREZ SARDINAS ROSSIE JASHIEL', 'C/DELGADILLO Nº160 ZONA LAS PANOSAS (TARIJA)', 'fernandorm160@gmail.com'),
(489, 1005, 'HARRIAGUE MARTINEZ RODRIGO HUMBERTO', '', NULL),
(490, 1005, 'HEREDIA LOPEZ PAOLA MARCELA', 'SANTA ROSA CENTRAL C. 3 VIVIENDA 44', 'jaru2050@gmail.com'),
(491, 1005, 'HURTADO DOLZ ELMER LEANDRO', '', NULL),
(492, 1005, 'IBAÑEZ VILLALPANDO SANTIAGO', 'PASAJE ULALAS N° 1225 ZONA LAS CUADRAS', 'lcsaavedra@upb.edu'),
(493, 1005, 'IRIARTE SAINZ DAVID ALEJANDRO', 'CALLE FRANCISCO PRADA N. 1152 ZONA SAN PEDRO', 'georgette101998@hotmail.com'),
(494, 1005, 'IRIARTE SAINZ DIEGO GABRIEL', 'C. HERIBERTO TRIGO', 'wsagredo@upb.edu'),
(495, 1005, 'IRUSTA PEREIRA GABRIEL SEBASTIAN', 'OBRAJES CALLE 6 NO. 599 RINCON BAJO', 'valesalasst@hotmail.com'),
(496, 1005, 'JEMIO CARREÑO VICTOR GABRIEL', 'AV. OQUENDO # 775', 'alejandro94_slzr@outlook.com'),
(497, 1005, 'JORDAN SAINZ JOHN JOSE', ' AV. OQUENDO CASI QUINTANILLA #775', 'pao.12@hotmail.com'),
(498, 1005, 'KILIBARDA DE LUCCA NICOLAS LEANDRO', 'IRPAVI CALLE 4 Nº2300', 'ana9700.salinas@gmail.com'),
(499, 1005, 'LA FUENTE ESCÓBAR RODRIGO VLADIMIR', 'PASAJE VEGA # 10', 'csalvatierra3@upb.edu'),
(500, 1005, 'LARREA PARRA CHRISTIAN RODRIGO', '', NULL),
(601, 10005, 'AGRAMONT CARRILLO YURISA ANDREA', 'OBRAJES AV. HERNANDO SILES # 5411 CALLE 8', 'gabriel.escobar.091@gmail.com'),
(602, 10005, 'AGREDA RUIZ CAMILA', 'C/CANADA Y HOLANDA (ZONA VALLE HERMOSO)', 'escobar20@hotmail.es'),
(603, 10005, 'AGUDO GUERRA DANIELA', 'C. PULACAYO #482', 'martinescobar777_@hotmail.com'),
(604, 10005, 'AGUILAR JALDIN LUIS ESTEBAN', 'BARRIO MANACO - QUILLACOLLO', NULL),
(605, 10005, 'AGUILAR LEDES CAROLINA', 'URB. VALLE DEARANJUEZ C. LA VIZCACHA # D-5', 'despinoza3@upb.edu'),
(606, 10005, 'AGUILAR ROCHA KAREN', 'AV. BUSCH ESQ. HONDURAS Nº 885', 'alexandraespinoza1306@gmail.com'),
(607, 10005, 'AGUILAR ZURITA BRANDON', 'C. COLOMBIA S/N', 'iguiexbad@hotmail.com'),
(608, 10005, 'AGUIRRE BALDERRAMA SEBASTIAN ALEJANDRO', 'CALACOTO CALLE 22 NO. EDIF. MONTE CRISTO DEPTO 9A', 'yesmenia.et1996@gmail.com'),
(609, 10005, 'AGUIRRE GOITIA GISELLE  ADRIANA', 'CALLE DIEGO DE PERALTA N° 944 MIRAFLORES', 'jessicaviscarra@hotmail.com'),
(610, 10005, 'AGUIRRE RODRIGUEZ MIGUEL FABRICIO', 'AV. CAP USTARIZ KM. 6.5, BARRIO SANTA ROSA', 'emyfaccio@gmail.com'),
(611, 10005, 'AIZAMA ARIAS CARLA FABIANA', 'J. AGUIRRE ACHA', 'bfedic@upb.edu'),
(612, 10005, 'AIZAMA ARIAS JORGE CHRISTIAN', 'V. FATIMA PLAZA DEL MAESTRO', 'pfernandez@upb.edu'),
(613, 10005, 'ALBA GUTIERREZ DIANA KATHERINE', 'SIDUMSS NORTE', 'jhoni_jh@hotmail.com'),
(614, 10005, 'ALBA MARTINEZ ALEJANDRO VALENTIN', 'CALLE 15 CALACOTO ESQ. COSTANERA', 'kike.mafer@gmail.com'),
(615, 10005, 'ALBA MIRANDA JORGE GUILLERMO', 'ACUMANI CALLE 21 #51', 'vanessa-hp-hotmail.com'),
(616, 10005, 'ALBA MIRANDA OSCAR ALEJANDRO', '', 'jfernandez@lp.upb.edu'),
(617, 10006, 'ALBARRACIN SILVA RAYZA TATIANA', 'AV.JUAN PABLO II Y AV.DORBIGNI', 'kalu.13.kf@gmail.com'),
(618, 10006, 'ALBIS APAZA JUAN CARLOS', 'NUEVA GRANADA 1618', 'notiene@notiene.com'),
(619, 10006, 'ALBORTA ABASTOFLOR DANIEL ANDRES', 'JULIO MENDEZ', 'jireh_sito@hotmail.com'),
(620, 10006, 'ALBORTA INARRA DANIEL ALEJANDRO', 'BARRIO FLORIDA SUR N° 78', 'walterferreyrab@gmail.com'),
(621, 10006, 'ALBORTA NADA ROMINA', 'LOS PINOS BLOQUE 142 DEP. 300', 'KATERIN_FERRUFINO@HOTMAIL.COM'),
(622, 10006, 'ALE BALDIVIESO LEXANDER', 'EDF. LAS PALMAS III DPTO. 9', 'pao.ferrufino@gmail.com'),
(623, 10006, 'ALGARAÑAZ VILLAFAN CARLOS SANTIAGO', 'LOS NUEVOS PINOS BLOQUE 13 DEPTO. 8A', 'amrafael@hotmail.es'),
(624, 10006, 'ALI CARLO LIZBETH', 'CALLE CHACO  N° 738', 'dflor@upb.edu'),
(625, 10006, 'ALIAGA GOMEZ VALERIA ISABEL', 'ALTO IRPAVI CALLE 4 NO. 11', 'afloresc@bcp.com.bo'),
(626, 10006, 'ALIAGA JIMENEZ AMEDH FELIPE', 'AV. CAMPERO # 330 ZONA LA CHIMBA', 'eflorese@bmsc.com.bo'),
(627, 10006, 'ALIPAZ WOZNIECKI DANIEL MAREK KRZYSZTOF', 'AV JAVIER DEL GRANADO C/29 NO. 490 Z', NULL),
(628, 10006, 'ALPIRE GONZALES ANDREA LESLY', 'ACHUMANI CALLE 29 # 490', 'faflor97@gmail.com'),
(629, 10006, 'ALVAREZ MAMANI SVENN ROLANDO', 'CALLE VALDIVIESO EDIFICIO ALAMEDA DEPTO 3-C', 'RoyalDanFM@gmail.com'),
(630, 10006, 'ALVAREZ SECKO ERICK EDUARDO', 'CALLE MURGUIA Y TADEO AHENKE', 'jessygfm@gmail.com'),
(631, 10006, 'ALVIS BETANCOURT WALTER MAURICIO', 'AV. BLANCO GALINDO S/N QLLO. ENTRE C. SANTA CRUZ Y', 'pjflores@upb.edu'),
(632, 10006, 'ALVIS RODAS VANIA CAROLINA', 'PARQUE LA TORRE 815', 'holasoyyo603@hotmail.com'),
(633, 10006, 'ALZUGARAY GONZALES MICHELLE VALERIA', 'C. SAN MARTIN Y COLOMBIA', 'ofranco@upb.edu'),
(634, 10006, 'AMATLLER ORSOLINI VALERIA PAOLA', 'LA FLORIDA AV. LA RINCONADA #34', 'manukfranco@gmail.com'),
(635, 10006, 'AMPUERO TORDOYA ANA DANIELA', 'AV. UYUNI CONDOMINIO GUADALUPE DEPTO 3G', 'leyfranm@gmail.com'),
(636, 10006, 'ANDAVEREZ CARDON PEDRO FIDEL', 'LOS PINOS CALLE 35', 'doriamfe@hotmail.com'),
(637, 10006, 'ANDIA ANTEZANA DIEGO MAURICIO', 'CALLE 14 CALALCOTO NO 400', 'lfuentes@upb.edu'),
(638, 10006, 'ANDRADE MEMM FERNANDA', 'ESTEBAN ARZE # 778', 'fabriziofusco98123@gmail.com'),
(639, 10006, 'ANEYBA MELGAR ADRIÁN NICOLÁS', 'CALLE JULIO MENDEZ N° 1574', 'jhonattan_fusco_@hotmail.com'),
(640, 10006, 'ANGELERI CHAVEZ CESSARE ALESSANDRO', 'CALLE CASIMIRO CORRALES N. 1051', 'ggallo@upb.edu'),
(641, 10006, 'ANGULO LEDEZMA FLAVIA FERNANDA', 'CALLE DANIEL CAMPOS ESQ. CHACO', 'igamboa@upb.edu'),
(642, 10006, 'ANTEQUERA ROCABADO CARLA', 'C. MEXICO # 1433', 'rodrigogamboach8@gmail.com'),
(643, 10006, 'ANTEZANA ARNEZ NOELIA', 'CONDOMINIO CASTAÑAS #3', 'marcelogamboatorrez@gmail.com'),
(644, 10007, 'ANTEZANA AYALA FABIOLA', 'CALLE TRINIDAD TOBAGO NO. 1047 MIRAFLORES', 'mariel_gc16@hotmail.com'),
(645, 10007, 'ANTEZANA LOROÑA BERNARDO DANIEL', '', 'mgarcia6@upb.edu'),
(646, 10007, 'ANTEZANA TERAN MARIANO', '6 DE AGOSTO ESQUINA CLAVIJO EDIF. EL PROGRESO PISO', 'mauri_garcia_e@hotmail.com'),
(647, 10007, 'ANTEZANA VALDIVIA ISAAC VLADIMIR', 'MAN CESPED , WASHIBGTON EDIF. ISABELA', 'basketball-sg57@hotmail.com'),
(648, 10007, 'ANTEZANA VASQUEZ MARIEL FABIOLA', 'AV. 6 DE AGOSTO EDIF. QUINTO CENTENARIO #2006 11-B', 'norman_garcia33@hotmail.com'),
(649, 10007, 'APAZA CHALCO ELVIN ARIEL', 'CALLE CLAUDIO PADILLA NO. 1549 MIRAFLORES', 'ogarcia@upb.edu'),
(650, 10007, 'APAZA CHURQUI VANESA ESTHER', 'AV. BLANCO GALINDO KM. 7 1/2', 'lalugh2405@gmail.com'),
(651, 10007, 'APONTE GOMEZ PAUL ANDRES', 'AV. AMERICA Y SANTA CRUZ EDF. VICTORIA P3-E', 'jgarcia4@upb.edu'),
(652, 10007, 'AQUINO ARAGON SHEILA BERTHA', 'IRPAVI CALLE 2', 'dudaso96@hotmail.com'),
(653, 10007, 'ARACENA NOYA JESSICA FABIOLA', '', 'zarhimgr@gmail.com'),
(654, 10007, 'ARACENA SORIA GALVARRO  MARIA FERNANDA', 'BLANCO GALINDO KM. 7 1/2 LA FLORIDA SUD N° 44', 'nicolasgilmejia@hotmail.com'),
(655, 10007, 'ARAMAYO ARANDA RAFAEL GUILLERMO', '', 'g.gabo@hotmail.com'),
(656, 10007, 'ARANCIBIA MEDRANO ARIEL ROBERTO', 'AV. HERNEST # 4, BAJO SEGUENCOMA', NULL),
(657, 10007, 'ARANCIBIA MEDRANO FABIAN RODRIGO', '', 'nickygc95@gmail.com'),
(658, 10007, 'ARANDA DE LA REZA JAZMIN ALEJANDRA', 'AV. ARCE ESQUINA MONTEVIDEO Nº 2081', 'rodrior@gmail.com'),
(659, 10007, 'ARANDIA ARAUCO AGUSTIN', 'C/FRANCISCO BEDREGAL # 12 (ZONA TEMPORAL)', 'marcelo.gomez.ortiz@gmail.com'),
(660, 10007, 'ARANDIA VEGA SHARON KELLY', 'C. AIRAMPO NRO. 139, ZONA TAQUIÑA', 'jennygomez170199@hotmail.com'),
(661, 10007, 'ARANDIA VELASCO YERKO HERNAN', '', 'karen_gonchi@hotmail.com'),
(662, 10007, 'ARANIBAR FERNANDEZ ALVARO ALEJANDRO', '', 'carlyga@gmail.com'),
(663, 10007, 'ARCE SOTO MARTIN MARCELO', 'CALLE ZENON SALINAS NRO. 935', 'IGNACIO GONZLESBARRON@GMAIL.COM'),
(664, 10007, 'ARCIENEGA ALCOCER ADRIANA', 'C/EMILIANO ZAPATA # 764 (ZONA QUERU QUERU)', NULL),
(665, 10008, 'ARCIENEGA ANGLES DANIELA NICOLE', 'FRANCISCO BEDREGAL Nº542', 'jagonzalescabrera@gmail.com'),
(666, 10008, 'ARDAYA LOPEZ SERGIO EDUARDO', 'CALLE AULLAGAS N° 63 SARCO', NULL),
(667, 10008, 'ARELLANO NAZER FRANCISCO JAVIER', 'CALACOTOC/25 URB PINOS NORTE 92', 'nessitarommy@gmail.com'),
(668, 10008, 'ARELLANO NAZER JUAN CRISTOBAL', 'CALLE 24 DE SEPTIEMBRE  N° 557 COTA COTA', NULL),
(669, 10008, 'ARELLANO ZAMORA SEBASTIAN', 'C/JUAN JOSE DIAZ GAINZA # 233 (URB. EL PROFESIONAL', 'ogonzales@ypfb.gob.bo'),
(670, 10008, 'ARENAS PEREIRA HORACIO', 'C/MARIANO MENDEZ # 16 (ZONA EL MIRADOR)', 'agonzales5@upb.edu'),
(671, 10008, 'ARGOTE PEREZ CAROLINA', 'ANTOFAGASTA (TIQUIPAYA)', 'PATRICKGONZALESWILSTERMANN@HOTMAIL.COM'),
(672, 10008, 'ARIAS ESCOBAR MICHELLE FERNANDA', 'CALLE CHIPAYA CONDOMINIO MEDITERRANEO II', 'ale_gowu@hotmail.com'),
(673, 10008, 'ARIAS MURILLO KEVIN FLAVIO', 'SOMBRERO DE CHOLA 3 CUADRAS ARRIBA EDIFICIO RESIDE', NULL),
(674, 10008, 'ARMAZA NAVIA EDUARDO REYNALDO', 'JUAN DE LA CRUZ TORRES', 'gonzalezpozo@outlook.com'),
(675, 10008, 'ARNEZ BERBETTY RAQUEL ARELI', 'CALLE VICENTE Nº 661 EDIFICIO VINCENTI', 'lagonzalezoso@gmail.com'),
(676, 10008, 'ARNEZ MARQUEZ RICARDO', '', 'alizza.gorena.cordero@gmail.com'),
(677, 10008, 'ARNEZ VARGAS ALEJANDRO RUSLAN', '', 'sergorena@gmail.com'),
(678, 10008, 'ARPASI CRUZ MAYUMI LYS', 'VENEZUELA # 1070 (ZONA MURURINA)', 'andy.gosalvez@gmail.com'),
(679, 10008, 'ARROYO LOPEZ JUAN PABLO', 'C/WALLPARRIMACHI Nº1662 EDIFICIO BARCELO TORRE II-', 'al.gottret@gmail.com'),
(680, 10008, 'ARRUETA ANTEQUERA RICARDO ANTONIO', 'CALLE FEDERICO SUAZO EDIF. ALCAZAR TORRE CORDOVA N', 'vgoytia@upb.edu'),
(681, 10008, 'ARTERO CLAURE PAOLA MICAELA', 'C. 23 DE MARZO Y 2O DE DICIEMBRE', 'leogrecu@gmail.com'),
(682, 10008, 'ARZE BAPTISTA NADIA VALERIA', 'PACATA BAJA CALLE ARANIVAR DE MATO 59', 'gustavoga@me.com'),
(683, 10008, 'ASPIAZU VOGTSCHMIDT ARETHA LENNY', '', 'alejandrita_95gl@hotmail.com'),
(684, 10008, 'ASTURIZAGA GARCIA MIGUEL ANGEL', 'URB. LAREDO # 10 (ZONA  QUINTANILLA)', 'nicolasguardia@hotmail.com'),
(685, 10009, 'AUAD PACHECO JOSE', 'MARTIN DE LA ROCHA # 1223 (ZONA CALA CALA)', 'isabelg.a@hotmail.com'),
(686, 10009, 'AVILA AGREDA CAROLINA', 'CALLE CAMPERO ED. SEÑOR DE MAYO PISO 3', 'camilarosembluth@gmail.com'),
(687, 10009, 'AVILA BARRERO DANIEL', 'C. MENDEZ # 671', NULL),
(688, 10009, 'AVILA MARQUEZ MONIKA', 'URB. SEQUOIA MANZANO BB NO. 9', NULL),
(689, 10009, 'AVILA MERCADO MARCO', 'REDUCTO - TIQUIPAYA', 'jeanp.gulick@gmail.com'),
(690, 10009, 'AVILA NAVA GIOVANNI ELMER', 'C. MONTEAGUDO ENTRE AMERICA Y BUENOS AIRES EDIF AC', 'andyleogumcla@hotmail.com'),
(691, 10009, 'AYALA ALEMAN DIEGO RODRIGO', 'AV. ANICETO MEDINA NRO. 156, KM. 3.5 A SACABA', 'krisguty@gmail.com'),
(692, 10010, 'AYALA HOPP ARTURO ANDRÉ', 'PASAJE 12 DE JUNIO VILLA MERCEDES CASA N° 100', 'karinemily07@gmail.com'),
(693, 10010, 'AYALA TORRES STEPHANIE TATIANA', 'CALLE 5 NO. 978 IRPAVI', 'zephora.gutierrez@gmail.com'),
(694, 10010, 'AYALA VILLACORTA ANA MARIA', '', NULL),
(695, 10010, 'AYAVIRI ABASTO SERGIO GUILLERMO', 'AV. SANTA CRUZ # 1466 CASI BUENOS AIRES', 'kgutierrez@upb.edu'),
(696, 10010, 'AYAVIRI MALDONADO OLGA FERNANDA', 'C. NUEVA CASTILLA #1728', 'goxadriana@gmail.com'),
(697, 10010, 'AYLLON CALDERON CRISTHIAN BRUNO', 'LOS PINOS CALLE 7', 'pgutierrez@upb.edu'),
(698, 10010, 'AZUGA BLEICHNER MATEO RAUL', 'PARQUE LINCOLN #520', 'rosendo_agt@icloud.com'),
(699, 10010, 'BACARREZA COSTA MAURICIO SILVESTRE', 'CALLE ASPIAZU NO. 1149 ZONA LA MERCED', 'jorge_i_94@hotmail.com'),
(700, 10010, 'BADANI ZAMBRANA LOTHAR MARCELO', '25 DE MAYO ESQUINA CALAMA #0482', 'mguzman5@upb.edu');

-- 
-- Dumping data for table docentes
--
INSERT INTO docentes VALUES
(2001, '2009-03-01', 'ALBA MARTINEZ LAURA', '1972-06-09', 'FILOSOFIA', 8640270),
(2002, '2004-02-22', 'ARCE TORRICO LUCIANA', '1970-11-12', 'INGENIERIA EN SISTEMAS', 6898098),
(2003, '2000-02-08', 'ARELLANO RODRIGUEZ ADRIANA', '1968-04-01', 'INGENIERIA INDUSTIRAL', 6178538),
(2004, '2015-06-24', 'BALDERRAMA TRIGO JHONNATAN', '1980-08-12', 'MARKETING', 8345861),
(2005, '2000-10-08', 'BELTRAN PEREZ NICOLE', '1965-11-19', 'COMUNICACIÓN', 8285385),
(2006, '2010-01-16', 'CAMARGO DELGADILLO JOSE', '1978-02-08', 'COMUNICACIÓN', 7961034),
(2007, '1999-11-08', 'CLAURE BUSTAMANTE ERIKA', '1959-11-02', 'DERECHO', 8488418),
(2008, '2005-06-24', 'FIGUEROA CALVI DIANA', '1972-10-08', 'DERECHO', 7502896),
(2009, '2009-09-02', 'FLORES MARAÑON MATHIAS', '1979-07-15', 'DERECHO', 8177351),
(2010, '2012-04-04', 'GAMBOA CRESPO JESUS', '1981-07-14', 'INGENIERIA FINANCIERA', 6084638),
(2011, '2002-12-21', 'GOMEZ CESPEDES ISABEL', '1969-05-11', 'ADMINISTRACION DE EMPRESAS', 8046669),
(2012, '2013-11-03', 'HINOJOSA PEREDO KEVIN', '1987-06-05', 'INGENIERIA INDUSTIRAL', 7524283),
(2013, '2001-10-27', 'LOPEZ ORTEGA  CAROLINA', '1969-02-21', 'INGENIERIA EN SISTEMAS', 6968208),
(2014, '2006-04-12', 'MALDONADO PADILLA RENE', '1969-12-06', 'INGENIERIA CIVIL', 7905410),
(2015, '2016-01-24', 'MEDINA ARZABE EDUARDO', '1978-03-30', 'MARKETING', 7858911),
(2016, '2010-12-15', 'OLMOS AGREDA SANTIAGO', '1973-07-06', 'DISEÑO GRAFICO', 6968313),
(2017, '2004-01-29', 'OLMOS AGREDA SANTIAGO', '1971-01-07', 'INGENIERIA COMERCIAL', 6649261),
(2018, '1999-11-01', 'PIEROLA OMONTE CHRISTIAN', '1958-10-23', 'ECONOMIA', 8827111),
(2019, '2009-07-19', 'PORCEL AGUILAR CARLOS', '1970-04-28', 'INGENIERIA FINANCIERA', 8299141),
(2020, '2011-05-16', 'POZO SEJAS ALEJANDRO', '1982-08-02', 'ECONOMIA', 8170201),
(2021, '2008-09-13', 'REJAS TRIGO MELANIE', '1972-03-09', 'INGENIERIA COMERCIAL', 7910600),
(2022, '2007-07-21', 'RIOS GORDILLO SEBASTIAN', '1980-09-25', 'MARKETING', 8092825),
(2023, '2016-01-03', 'ROJAS JALDIN ESTELA', '1985-10-17', 'ECONOMIA', 6507755),
(2024, '2015-03-11', 'SANABRIA MERCADO MANUEL', '1983-07-11', 'INGENIERIA INDUSTIRAL', 8235460),
(2025, '2012-05-29', 'SOLIZ MEDINA VANESSA', '1981-02-17', 'ADMINISTRACION DE EMPRESAS', 6190774),
(2026, '2004-08-13', 'TERAN MENDIETA CAMILA', '1978-01-12', 'INGENIERIA PETROLERA', 8270197),
(2027, '1998-11-12', 'TRUJILLO CESPEDES JORGE', '1958-12-01', 'INGENIERIA ELECTRICA', 6704618),
(2028, '2007-04-18', 'UNZUETA CLAROS RODRIGO', '1974-09-25', 'FILOSOFIA', 8135860),
(2029, '2016-07-27', 'ZAMORANO PERALTA SOFIA', '1985-10-12', 'INGENIERIA PETROLERA', 6191464),
(2030, '12-1-2001', 'PABLO RIVAS PHD.', '04-10-1999', 'ING SISTEMAS', 1232435);

-- 
-- Dumping data for table aula
--
INSERT INTO aula VALUES
(30001, 31001, 'AULA -2', 2),
(30002, 31002, 'AULA -3', 3),
(30003, 31003, 'AULA -4', 1),
(30004, 31000, 'AULA -5', 2),
(30005, 31001, 'AULA -6', 3),
(30006, 31002, 'AULA -7', 1),
(30007, 31003, 'AULA -8', 2),
(30008, 31000, 'AULA -9', 3),
(30009, 31001, 'AULA -10', 1),
(30010, 31002, 'AULA -11', 2),
(30011, 31003, 'AULA -12', 3),
(30012, 31000, 'AULA -13', 1),
(30013, 31001, 'AULA -14', 2),
(30014, 31002, 'AULA -15', 3),
(30015, 31003, 'AULA -16', 1),
(30016, 31000, 'AULA -17', 2),
(30017, 31001, 'AULA -18', 3),
(30018, 31002, 'AULA -19', 1),
(30019, 31003, 'AULA -20', 2),
(30020, 31000, 'AULA -21', 3),
(30021, 31001, 'AULA -22', 1),
(30022, 31002, 'AULA -23', 2),
(30023, 31003, 'AULA -24', 3),
(30024, 31000, 'AULA -25', 1),
(30025, 31001, 'AULA -26', 2),
(30026, 31002, 'AULA -27', 3),
(30027, 31003, 'AULA -28', 1),
(30028, 31005, 'AULA -29', 2);

-- 
-- Dumping data for table notas
--
INSERT INTO notas VALUES
(34002, 2001, 5, 5000, 60),
(34003, 2001, 6, 5000, 66),
(34004, 2001, 7, 5000, 26),
(34005, 2001, 8, 5000, 44),
(34006, 2001, 9, 5000, 95),
(34007, 2001, 10, 5000, 44),
(34008, 2001, 11, 5000, 89),
(34009, 2001, 12, 5000, 67),
(34010, 2001, 13, 5000, 12),
(34011, 2001, 14, 5000, 41),
(34012, 2001, 15, 5000, 89),
(34013, 2001, 16, 5000, 64),
(34014, 2001, 17, 5000, 99),
(34015, 2001, 18, 5000, 18),
(34016, 2002, 19, 5001, 62),
(34017, 2002, 20, 5001, 49),
(34018, 2002, 21, 5001, 31),
(34019, 2002, 22, 5001, 67),
(34020, 2002, 23, 5001, 69),
(34021, 2002, 24, 5001, 27),
(34022, 2002, 25, 5001, 89),
(34023, 2002, 26, 5001, 91),
(34024, 2002, 27, 5001, 89),
(34025, 2002, 28, 5002, 74),
(34026, 2002, 29, 5002, 52),
(34027, 2002, 30, 5002, 80),
(34028, 2002, 31, 5002, 62),
(34029, 2002, 32, 5002, 28),
(34030, 2002, 33, 5002, 50),
(34031, 2002, 34, 5002, 20),
(34032, 2002, 35, 5002, 18),
(34033, 2002, 36, 5002, 68),
(34034, 2003, 37, 5003, 75),
(34035, 2003, 38, 5003, 38),
(34036, 2003, 39, 5003, 79),
(34037, 2003, 40, 5003, 61),
(34038, 2003, 41, 5003, 99),
(34039, 2003, 42, 5003, 61),
(34040, 2003, 43, 5003, 96),
(34041, 2003, 44, 5003, 68),
(34042, 2003, 45, 5003, 76),
(34043, 2003, 46, 5003, 86),
(34044, 2003, 47, 5003, 98),
(34045, 2003, 48, 5003, 13),
(34046, 2004, 49, 5004, 24),
(34047, 2004, 50, 5004, 95),
(34048, 2004, 51, 5004, 85),
(34049, 2004, 52, 5004, 96),
(34050, 2004, 53, 5004, 15),
(34051, 2004, 54, 5004, 100),
(34052, 2004, 55, 5004, 87),
(34053, 2004, 56, 5004, 47),
(34054, 2004, 57, 5004, 22),
(34055, 2005, 58, 5005, 58),
(34056, 2005, 59, 5005, 72),
(34057, 2005, 60, 5005, 87),
(34058, 2005, 61, 5005, 49),
(34059, 2005, 62, 5005, 13),
(34060, 2005, 63, 5005, 79),
(34061, 2005, 64, 5005, 32),
(34062, 2005, 65, 5005, 66),
(34063, 2005, 66, 5005, 23),
(34064, 2005, 67, 5005, 16),
(34065, 2005, 68, 5005, 99),
(34066, 2005, 69, 5005, 61),
(34067, 2006, 70, 5006, 70),
(34068, 2006, 71, 5006, 84),
(34069, 2006, 72, 5006, 63),
(34070, 2006, 73, 5006, 13),
(34071, 2006, 74, 5006, 68),
(34072, 2006, 75, 5006, 49),
(34073, 2006, 76, 5006, 69),
(34074, 2006, 77, 5006, 33),
(34075, 2006, 78, 5006, 96),
(34076, 2006, 79, 5006, 83),
(34077, 2007, 80, 5007, 53),
(34078, 2007, 81, 5007, 56),
(34079, 2007, 82, 5007, 90),
(34080, 2007, 83, 5007, 71),
(34081, 2007, 84, 5007, 16),
(34082, 2007, 85, 5007, 35),
(34083, 2007, 86, 5007, 34),
(34084, 2007, 87, 5007, 77),
(34085, 2007, 88, 5007, 69),
(34086, 2007, 89, 5007, 82),
(34087, 2007, 90, 5007, 35),
(34088, 2007, 91, 5007, 93),
(34089, 2008, 92, 5008, 53),
(34090, 2008, 93, 5008, 47),
(34091, 2008, 94, 5008, 67),
(34092, 2008, 95, 5008, 54),
(34093, 2008, 96, 5008, 22),
(34094, 2008, 97, 5008, 29),
(34095, 2008, 98, 5008, 63),
(34096, 2008, 99, 5008, 73),
(34097, 2008, 100, 5008, 72),
(34098, 2009, 101, 5009, 91),
(34099, 2009, 102, 5009, 78),
(34100, 2009, 103, 5009, 71),
(34101, 2009, 104, 5009, 98),
(34102, 2009, 105, 5009, 33),
(34103, 2009, 106, 5009, 60),
(34104, 2009, 107, 5009, 98),
(34105, 2009, 108, 5009, 18),
(34106, 2009, 109, 5009, 63),
(34107, 2009, 110, 5009, 80),
(34108, 2009, 111, 5009, 42),
(34109, 2009, 112, 5009, 99),
(34110, 2009, 113, 5009, 38),
(34111, 2009, 114, 5009, 10),
(34112, 2009, 115, 5009, 56),
(34113, 2009, 116, 5009, 94),
(34114, 2009, 117, 5009, 24),
(34115, 2009, 118, 5009, 42),
(34116, 2009, 119, 5009, 62),
(34117, 2009, 120, 5009, 68),
(34118, 2009, 121, 5009, 95),
(34119, 2009, 122, 5009, 59),
(34120, 2009, 123, 5009, 87),
(34121, 2009, 124, 5009, 34),
(34122, 2009, 125, 5009, 88),
(34125, 2009, 107, 5009, 100),
(34126, 2009, 106, 5009, 45);

-- 
-- Dumping data for table clase
--
INSERT INTO clase VALUES
(5000, 2001, 4, 30000, 32002),
(5000, 2001, 5, 30000, 32003),
(5000, 2001, 6, 30000, 32004),
(5000, 2001, 7, 30000, 32005),
(5000, 2001, 8, 30000, 32006),
(5000, 2001, 9, 30000, 32007),
(5000, 2001, 10, 30000, 32008),
(5000, 2001, 11, 30000, 32009),
(5000, 2001, 12, 30000, 32010),
(5000, 2001, 13, 30000, 32011),
(5000, 2001, 14, 30000, 32012),
(5000, 2001, 15, 30000, 32013),
(5000, 2001, 16, 30000, 32014),
(5000, 2001, 17, 30000, 32015),
(5000, 2001, 18, 30000, 32016),
(5001, 2002, 19, 30001, 32017),
(5001, 2002, 20, 30001, 32018),
(5001, 2002, 21, 30001, 32019),
(5001, 2002, 22, 30001, 32020),
(5001, 2002, 23, 30001, 32021),
(5001, 2002, 24, 30001, 32022),
(5001, 2002, 25, 30001, 32023),
(5001, 2002, 26, 30001, 32024),
(5001, 2002, 27, 30001, 32025),
(5002, 2002, 28, 30002, 32026),
(5002, 2002, 29, 30002, 32027),
(5002, 2002, 30, 30002, 32028),
(5002, 2002, 31, 30002, 32029),
(5002, 2002, 32, 30002, 32030),
(5002, 2002, 33, 30002, 32031),
(5002, 2002, 34, 30002, 32032),
(5002, 2002, 35, 30002, 32033),
(5002, 2002, 36, 30002, 32034),
(5003, 2003, 37, 30003, 32035),
(5003, 2003, 38, 30003, 32036),
(5003, 2003, 39, 30003, 32037),
(5003, 2003, 40, 30003, 32038),
(5003, 2003, 41, 30003, 32039),
(5003, 2003, 42, 30003, 32040),
(5003, 2003, 43, 30003, 32041),
(5003, 2003, 44, 30003, 32042),
(5003, 2003, 45, 30003, 32043),
(5003, 2003, 46, 30003, 32044),
(5003, 2003, 47, 30003, 32045),
(5003, 2003, 48, 30003, 32046),
(5004, 2004, 49, 30004, 32047),
(5004, 2004, 50, 30004, 32048),
(5004, 2004, 51, 30004, 32049),
(5004, 2004, 52, 30004, 32050),
(5004, 2004, 53, 30004, 32051),
(5004, 2004, 54, 30004, 32052),
(5004, 2004, 55, 30004, 32053),
(5004, 2004, 56, 30004, 32054),
(5004, 2004, 57, 30004, 32055),
(5005, 2005, 58, 30005, 32056),
(5005, 2005, 59, 30005, 32057),
(5005, 2005, 60, 30005, 32058),
(5005, 2005, 61, 30005, 32059),
(5005, 2005, 62, 30005, 32060),
(5005, 2005, 63, 30005, 32061),
(5005, 2005, 64, 30005, 32062),
(5005, 2005, 65, 30005, 32063),
(5005, 2005, 66, 30005, 32064),
(5005, 2005, 67, 30005, 32065),
(5005, 2005, 68, 30005, 32066),
(5005, 2005, 69, 30005, 32067),
(5006, 2006, 70, 30006, 32068),
(5006, 2006, 71, 30006, 32069),
(5006, 2006, 72, 30006, 32070),
(5006, 2006, 73, 30006, 32071),
(5006, 2006, 74, 30006, 32072),
(5006, 2006, 75, 30006, 32073),
(5006, 2006, 76, 30006, 32074),
(5006, 2006, 77, 30006, 32075),
(5006, 2006, 78, 30006, 32076),
(5006, 2006, 79, 30006, 32077),
(5007, 2007, 80, 30007, 32078),
(5007, 2007, 81, 30007, 32079),
(5007, 2007, 82, 30007, 32080),
(5007, 2007, 83, 30007, 32081),
(5007, 2007, 84, 30007, 32082),
(5007, 2007, 85, 30007, 32083),
(5007, 2007, 86, 30007, 32084),
(5007, 2007, 87, 30007, 32085),
(5007, 2007, 88, 30007, 32086),
(5007, 2007, 89, 30007, 32087),
(5007, 2007, 90, 30007, 32088),
(5007, 2007, 91, 30007, 32089),
(5008, 2008, 92, 30008, 32090),
(5008, 2008, 93, 30008, 32091),
(5008, 2008, 94, 30008, 32092),
(5008, 2008, 95, 30008, 32093),
(5008, 2008, 96, 30008, 32094),
(5008, 2008, 97, 30008, 32095),
(5008, 2008, 98, 30008, 32096),
(5008, 2008, 99, 30008, 32097),
(5008, 2008, 100, 30008, 32098),
(5009, 2009, 101, 30009, 32099),
(5009, 2009, 102, 30009, 32100),
(5009, 2009, 103, 30009, 32101),
(5009, 2009, 104, 30009, 32102),
(5009, 2009, 105, 30009, 32103),
(5009, 2009, 106, 30009, 32104),
(5009, 2009, 107, 30009, 32105),
(5009, 2009, 108, 30009, 32106),
(5009, 2009, 109, 30009, 32107),
(5009, 2009, 110, 30009, 32108),
(5009, 2009, 111, 30009, 32109),
(5009, 2009, 112, 30009, 32110),
(5009, 2009, 113, 30009, 32111),
(5009, 2009, 114, 30009, 32112),
(5009, 2009, 115, 30009, 32113),
(5009, 2009, 116, 30009, 32114),
(5009, 2009, 117, 30009, 32115),
(5009, 2009, 118, 30009, 32116),
(5009, 2009, 119, 30009, 32117),
(5009, 2009, 120, 30009, 32118),
(5009, 2009, 121, 30009, 32119),
(5009, 2009, 122, 30009, 32120),
(5009, 2009, 123, 30009, 32121),
(5009, 2009, 124, 30009, 32122),
(5009, 2009, 125, 30009, 32123),
(5009, 2009, 2, 30001, 32125);

-- 
-- Restore previous SQL mode
-- 
/*!40101 SET SQL_MODE=@OLD_SQL_MODE */;

-- 
-- Enable foreign keys
-- 
/*!40014 SET FOREIGN_KEY_CHECKS = @OLD_FOREIGN_KEY_CHECKS */;